__record_tag_AMPP,APID,APPID,COMBPACKCD,DISCCD,DISCDT,INVALID_AMPP,LEGAL_CATCD,NM_AMPP,SUBP,VPPID,__record_tag_AMP,ABBREVNM,AVAIL_RESTRICTCD,COMBPRODCD,DESC,EMA,FLAVOURCD,INVALID_AMP,LIC_AUTHCD,LIC_AUTHCHANGECD,LIC_AUTHCHANGEDT,LIC_AUTH_PREVCD,NM_AMP,NMDT,NM_PREV,PARALLEL_IMPORT,SUPPCD,VPID,__record_tag,INVALID,NM,QTYVAL,QTY_UOMCD,__record_tag_VMP,ABBREVNM_VMP,BASISCD,BASIS_PREVCD,CFC_F,COMBPRODCD_VMP,DF_INDCD,GLU_F,INVALID_VMP,NM_VMP,NMCHANGECD,NMDT_VMP,NMPREV,NON_AVAILCD,NON_AVAILDT,PRES_F,PRES_STATCD,SUG_F,UDFS,UDFS_UOMCD,UNIT_DOSE_UOMCD,VPIDDT,VPIDPREV,VTMID,__record_tag_VTM,ABBREVNM_VTM,INVALID_VTM,NM_VTM,VTMIDDT,VTMIDPREV,AGGREGATED_INGREDIENTS,AGGREGATED_ROUTES,DOSE_FORM,SUPPLIER_NAME
AMPP,37515811000001101,37515911000001106,,,,,3,Latuda 18.5mg tablets (CST Pharma Ltd) 28 tablet,,26654311000001107,AMP,,1,,Latuda 18.5mg tablets (CST Pharma Ltd),,,,1,,,,Latuda 18.5mg tablets,,,1.0,24059811000001102,26655311000001106,VMPP,,Lurasidone 18.5mg tablets 28 tablet,28.0,428673006.0,VMP,,1,,,,1,,,Lurasidone 18.5mg tablets,,,,,,,1,,1.0,428673006.0,428673006.0,,,776588007.0,VTM,,,Lurasidone,2023-02-06,2.66643110000011e+16,Lurasidone hydrochloride 18.5 nan,,,CST Pharma Ltd
AMPP,35547611000001102,35547811000001103,,,,,3,Sertraline 75mg/5ml oral suspension (Special Order) 1 ml,,35547411000001100,AMP,,6,,Sertraline 75mg/5ml oral suspension (Special Order),,,,0,,,,Sertraline 75mg/5ml oral suspension,,,,8286711000001104,35575611000001108,VMPP,,Sertraline 75mg/5ml oral suspension 1 ml,1.0,258773002.0,VMP,,1,,,,2,,,Sertraline 75mg/5ml oral suspension,,,,,,,1,,,,,,,777521008.0,VTM,,,Sertraline,2023-02-06,321958004.0,Sertraline hydrochloride 15.0 nan,,2008-01-11,Special Order
AMPP,29643811000001108,29643911000001103,,1.0,2023-01-01,,4,Juzo Hostess class 2 (23-32mmHg) tights open toe lymphoedema garment standard size V Sesame (Juzo UK Ltd) 1 device,,33019111000001100,AMP,,9,,Juzo Hostess class 2 (23-32mmHg) tights open toe lymphoedema garment standard size V Sesame (Juzo UK Ltd),,,,2,,,,Juzo Hostess class 2 (23-32mmHg) tights open toe lymphoedema garment standard size V,,,,11473311000001109,33508611000001104,VMPP,,Lymphoedema garments tights/panty open toe 1 device,1.0,3318711000001107.0,VMP,,7,,,,3,,,Lymphoedema garments tights/panty open toe,,,,,,,4,,,,,,,,,,,,,,,,,Juzo UK Ltd
AMPP,19640011000001108,19640111000001109,,,,,4,Sigvaris Advance 1 low compression (14-18mmHg) armsleeve lymphoedema garment normal small Black (Sigvaris Britain Ltd) 1 device,,32996111000001105,AMP,,1,,Sigvaris Advance 1 low compression (14-18mmHg) armsleeve lymphoedema garment normal small Black (Sigvaris Britain Ltd),,,,2,,,,Sigvaris Advance 1 low compression (14-18mmHg) armsleeve lymphoedema garment normal small,,,,10143211000001106,33499911000001109,VMPP,,Lymphoedema garments armsleeve 1 device,1.0,3318711000001107.0,VMP,,7,,,,3,,,Lymphoedema garments armsleeve,,,,,,,4,,,,,,,,,,,,,,,,,Sigvaris Britain Ltd
AMPP,24789511000001108,24789611000001107,,,,,4,Sigvaris Essential Comfortable class 2 (23-32mmHg) thigh length open toe with waist attachment lymphoedema garment long extra small left Caramel (Sigvaris Britain Ltd) 1 device,,33018711000001108,AMP,,1,,Sigvaris Essential Comfortable class 2 (23-32mmHg) thigh length open toe with waist attachment lymphoedema garment long extra small left Caramel (Sigvaris Britain Ltd),,,,2,,,,Sigvaris Essential Comfortable class 2 (23-32mmHg) thigh length open toe with waist attachment lymphoedema garment long extra small left,2020-01-01,Sigvaris Comfort class 2 (23-32mmHg) thigh length open toe with waist attachment lymphoedema garment long extra small left,,10143211000001106,33508411000001102,VMPP,,Lymphoedema garments thigh length open toe with waist/hip attachment 1 device,1.0,3318711000001107.0,VMP,,7,,,,3,,,Lymphoedema garments thigh length open toe with waist/hip attachment,,,,,,,4,,,,,,,,,,,,,,,,,Sigvaris Britain Ltd
AMPP,20839611000001104,20839911000001105,,,,,4,Haddenham Star Cotton class 2 (23-32mmHg) thigh length closed toe with grip top lymphoedema garment extra wide regular size VII Black (Haddenham Healthcare Ltd) 2 device,,33018111000001107,AMP,,1,,Haddenham Star Cotton class 2 (23-32mmHg) thigh length closed toe with grip top lymphoedema garment extra wide regular size VII Black (Haddenham Healthcare Ltd),,,,2,,,,Haddenham Star Cotton class 2 (23-32mmHg) thigh length closed toe with grip top lymphoedema garment extra wide regular size VII,,,,14063811000001106,33507911000001109,VMPP,,Lymphoedema garments thigh length closed toe with top/band/border 2 device,2.0,3318711000001107.0,VMP,,7,,,,3,,,Lymphoedema garments thigh length closed toe with top/band/border,,,,,,,4,,,,,,,,,,,,,,,,,Haddenham Healthcare Ltd
AMPP,19634211000001107,19634311000001104,,1.0,2013-10-04,,3,Letrozole 2.5mg tablets (Dexcel-Pharma Ltd) 14 tablet,,3668811000001109,AMP,,9,,Letrozole 2.5mg tablets (Dexcel-Pharma Ltd),,,,1,,,,Letrozole 2.5mg tablets,,,,2911401000001108,41878511000001100,VMPP,,Letrozole 2.5mg tablets 14 tablet,14.0,428673006.0,VMP,,1,,,,1,,,Letrozole 2.5mg tablets,,,,,,,1,,1.0,428673006.0,428673006.0,2023-05-26,327377001.0,776502006.0,VTM,,,Letrozole,2023-02-06,108777007.0,Letrozole 2.5 nan,,,Dexcel-Pharma Ltd
AMPP,22116711000001105,22116811000001102,,,,,4,AlgiSorb dressing 10cm x 10cm (Medicareplus International Ltd) 1 dressing,,1162311000001109,AMP,,1,,AlgiSorb dressing 10cm x 10cm (Medicareplus International Ltd),,,,2,,,,AlgiSorb dressing 10cm x 10cm,2017-11-01,Algisorb dressing 10cm x 10cm,,13719311000001102,3120011000001109,VMPP,,Alginate dressing sterile 10cm x 10cm 1 dressing,1.0,3320111000001103.0,VMP,,7,,,,3,,,Alginate dressing sterile 10cm x 10cm,,,,,,,4,,,,,,,,,,,,,,,,,Medicareplus International Ltd
AMPP,22006011000001103,22006111000001102,,1.0,2015-07-01,,4,Sigvaris Essential Thermoregulating Maxi class 3 (34-46mmHg) below knee closed toe lymphoedema garment long medium Anthracite (Sigvaris Britain Ltd) 2 device,,33001311000001104,AMP,,9,,Sigvaris Essential Thermoregulating Maxi class 3 (34-46mmHg) below knee closed toe lymphoedema garment long medium Anthracite (Sigvaris Britain Ltd),,,,2,,,,Sigvaris Essential Thermoregulating Maxi class 3 (34-46mmHg) below knee closed toe lymphoedema garment long medium,2020-01-01,Sigvaris Cotton Xtra Maxi class 3 (33-46mmHg) below knee closed toe lymphoedema garment long medium,,10143211000001106,33501811000001106,VMPP,,Lymphoedema garments below knee closed toe 2 device,2.0,3318711000001107.0,VMP,,7,,,,3,,,Lymphoedema garments below knee closed toe,,,,,,,4,,,,,,,,,,,,,,,,,Sigvaris Britain Ltd
AMPP,21082411000001109,21082511000001108,,,,,4,Jobst Opaque class 2 (23-32mmHg) thigh length open toe with dotted silicone band lymphoedema garment standard petite size V Natural (Essity UK Ltd) 2 device,,33018511000001103,AMP,,1,,Jobst Opaque class 2 (23-32mmHg) thigh length open toe with dotted silicone band lymphoedema garment standard petite size V Natural (Essity UK Ltd),,,,2,,,,Jobst Opaque class 2 (23-32mmHg) thigh length open toe with dotted silicone band lymphoedema garment standard petite size V,2014-08-01,Jobst Opaque class 2 (23-32mmHg) thigh length open toe with dotted silicone band lymphoedema garment standard short size V,,3593211000001109,33508211000001101,VMPP,,Lymphoedema garments thigh length open toe with silicone top/band/border 2 device,2.0,3318711000001107.0,VMP,,7,,,,3,,,Lymphoedema garments thigh length open toe with silicone top/band/border,,,,,,,4,,,,,,,,,,,,,,,,,Essity UK Ltd
AMPP,7980211000001100,7980311000001108,,1.0,2022-09-16,,3,Optiray 240 solution for infusion 50ml bottles (Guerbet Laboratories Ltd) 10 bottle,,7979211000001100,AMP,,9,,Optiray 240 solution for infusion 50ml bottles (Guerbet Laboratories Ltd),,,,1,,,,Optiray 240 solution for infusion 50ml bottles,2009-01-27,Optiray 240 solution for injection 50ml bottles,,10609911000001106,7979111000001106,VMPP,,Ioversol 509mg/ml (Iodine 240mg/ml) solution for infusion 50ml bottles 10 bottle,10.0,419672006.0,VMP,Ioversol 509mg/ml (Iodine 240mg/ml) inf 50ml bottles,1,1.0,,,1,,,Ioversol 509mg/ml (Iodine 240mg/ml) solution for infusion 50ml bottles,,2009-01-27,Ioversol 509mg/ml (Iodine 240mg/ml) solution for injection 50ml bottles,1.0,2022-09-16,,1,,50.0,258773002.0,419672006.0,,,776381000.0,VTM,,,Ioversol,2023-02-06,109222009.0,Ioversol 240.0 nan,,2012-10-17,Guerbet Laboratories Ltd
AMPP,15890011000001104,15890411000001108,2.0,,,,4,Fortisip Compact liquid banana (Nutricia Ltd) 125 ml,,15889211000001103,AMP,,1,,Fortisip Compact liquid banana (Nutricia Ltd),,7.0,,0,,,,Fortisip Compact liquid banana,,,,3515801000001108,15913411000001106,VMPP,,Generic Fortisip Compact liquid 125 ml,125.0,258773002.0,VMP,,7,7.0,,,3,1.0,,Generic Fortisip Compact liquid,4.0,2012-08-01,Fortisip Compact liquid,,,,4,,,,,,,,,,,,,,,,,Nutricia Ltd
AMPP,34025811000001103,34025911000001108,,,,,3,Shortec 20mg/2ml solution for injection ampoules (Qdem Pharmaceuticals Ltd) 5 ampoule,,4635811000001106,AMP,,1,,Shortec 20mg/2ml solution for injection ampoules (Qdem Pharmaceuticals Ltd),,,,1,,,,Shortec 20mg/2ml solution for injection ampoules,,,,20921311000001103,36130611000001105,VMPP,,Oxycodone 20mg/2ml solution for injection ampoules 5 ampoule,5.0,413516001.0,VMP,,1,1.0,,,1,,,Oxycodone 20mg/2ml solution for injection ampoules,4.0,2009-02-10,Oxycodone 20mg/2ml solution for infusion ampoules,,,,1,,2.0,258773002.0,413516001.0,2018-11-05,408078009.0,777027001.0,VTM,,,Oxycodone,2023-02-06,414984009.0,Oxycodone hydrochloride 10.0 nan,,2008-01-11,Qdem Pharmaceuticals Ltd
AMPP,28251411000001108,28251511000001107,,,,,4,Juzo Soft custom fit class 2 (23-32mmHg) below knee open toe with silicone top band lymphoedema garment Sesame (Juzo UK Ltd) 1 device,,33011411000001109,AMP,,1,,Juzo Soft custom fit class 2 (23-32mmHg) below knee open toe with silicone top band lymphoedema garment Sesame (Juzo UK Ltd),,,,2,,,,Juzo Soft custom fit class 2 (23-32mmHg) below knee open toe with silicone top band lymphoedema garment,2015-12-01,Juzo Soft class 2 (23-32mmHg) made to measure below knee open toe with silicone top band lymphoedema garment,,11473311000001109,33504711000001100,VMPP,,Lymphoedema garments made to measure below knee open toe with silicone top/band/border 1 device,1.0,3318711000001107.0,VMP,,7,,,,3,,,Lymphoedema garments made to measure below knee open toe with silicone top/band/border,,,,,,,4,,,,,,,,,,,,,,,,,Juzo UK Ltd
AMPP,9731811000001102,9731911000001107,,1.0,2024-06-01,,4,Elastane made to measure pantie brief Fit 15c (E Sallis Ltd) 1 device,,6773711000001102,AMP,,9,,Elastane made to measure pantie brief Fit 15c (E Sallis Ltd),,,,2,,,,Elastane made to measure pantie brief,,,,2086001000001101,7293911000001101,VMPP,,Ostomy belts 1 device,1.0,3318711000001107.0,VMP,,7,,,,3,,,Ostomy belts,,,,,,,4,,,,,,,,,,,,,,,,,E Sallis Ltd
AMPP,35730111000001106,35730211000001100,,,,,4,Sigvaris CompreBoot (30-40mmHg) standard foot lymphoedema garment long extra large/XX large Beige (Sigvaris Britain Ltd) 1 device,,32994411000001108,AMP,,1,,Sigvaris CompreBoot (30-40mmHg) standard foot lymphoedema garment long extra large/XX large Beige (Sigvaris Britain Ltd),,,,2,,,,Sigvaris CompreBoot (30-40mmHg) standard foot lymphoedema garment long extra large/XX large,2020-02-01,Sigvaris CompreBoot (30-40mmHg) lymphoedema garment long extra large/XX large,,10143211000001106,33499011000001105,VMPP,,Lymphoedema garments adjustable ankle/foot wrap/piece 1 device,1.0,3318711000001107.0,VMP,,7,,,,3,,,Lymphoedema garments adjustable ankle/foot wrap/piece,,,,,,,4,,,,,,,,,,,,,,,,,Sigvaris Britain Ltd
AMPP,14798511000001104,21381011000001107,,1.0,2016-12-08,1.0,3,Glycopyrronium bromide 0.05% solution (Special Order) 600 ml,,21380711000001101,AMP,,9,,Glycopyrronium bromide 0.05% solution (Special Order),,,1.0,0,,,,Glycopyrronium bromide 0.05% solution,2008-12-08,Glycopyrrolate 0.05% solution,,8286711000001104,14800411000001101,VMPP,1.0,Glycopyrronium bromide 0.05% solution 600 ml,600.0,258773002.0,VMP,,1,6.0,,,2,,1.0,Glycopyrronium bromide 0.05% solution,4.0,2008-12-08,Glycopyrrolate 0.05% solution,1.0,2016-12-08,,1,,,,,,,1.3298001000001104e+16,VTM,,,Glycopyrronium bromide,2021-09-14,22168005.0,Glycopyrronium bromide 500.0 nan,,2008-01-11,Special Order
AMPP,17252011000001103,17252111000001102,,1.0,2023-07-05,,4,Glucosamine sulfate 1g capsules (Power Health Products Ltd) 90 capsule,,17251911000001105,AMP,,9,,Glucosamine sulfate 1g capsules (Power Health Products Ltd),,,,0,,,,Glucosamine sulfate 1g capsules,2013-08-01,Glucosamine sulphate 1g capsules,,7567111000001101,17280611000001101,VMPP,,Glucosamine sulfate 1g capsules 90 capsule,90.0,428641000.0,VMP,,4,4.0,,,1,,,Glucosamine sulfate 1g capsules,4.0,2013-08-01,Glucosamine sulphate 1g capsules,1.0,2023-07-05,,1,,1.0,428641000.0,428641000.0,,,1.0043411000001102e+16,VTM,,,Glucosamine sulfate,,,Glucosamine sulfate nan nan,,,Power Health Products Ltd
AMPP,25305011000001109,25305111000001105,,,,,4,Jobst UltraSheer class 1 (18-21mmHg) tights closed toe lymphoedema garment regular size III Black (Essity UK Ltd) 1 device,,33018911000001105,AMP,,1,,Jobst UltraSheer class 1 (18-21mmHg) tights closed toe lymphoedema garment regular size III Black (Essity UK Ltd),,,,2,,,,Jobst UltraSheer class 1 (18-21mmHg) tights closed toe lymphoedema garment regular size III,,,,3593211000001109,33508511000001103,VMPP,,Lymphoedema garments tights/panty closed toe 1 device,1.0,3318711000001107.0,VMP,,7,,,,3,,,Lymphoedema garments tights/panty closed toe,,,,,,,4,,,,,,,,,,,,,,,,,Essity UK Ltd
AMPP,28023711000001107,28023911000001109,,,,,3,Anatera 500mg/5ml solution for injection vials (Alcon Eye Care UK Ltd) 12 vial,,28023811000001104,AMP,,1,,Anatera 500mg/5ml solution for injection vials (Alcon Eye Care UK Ltd),,,,1,,,,Anatera 500mg/5ml solution for injection vials,,,,2268201000001104,28023411000001101,VMPP,,Fluorescein 500mg/5ml solution for injection vials 12 vial,12.0,415818006.0,VMP,,2,,,,1,,,Fluorescein 500mg/5ml solution for injection vials,,,,,,,1,,5.0,258773002.0,415818006.0,,,775994004.0,VTM,,,Fluorescein,2023-02-06,350086004.0,Fluorescein sodium 100.0 nan,,2008-01-11,Alcon Eye Care UK Ltd
AMPP,21087411000001107,21087511000001106,,,,,4,Jobst Opaque class 2 (23-32mmHg) thigh length open toe with dotted silicone band lymphoedema garment wide petite size I Navy (Essity UK Ltd) 2 device,,33018511000001103,AMP,,1,,Jobst Opaque class 2 (23-32mmHg) thigh length open toe with dotted silicone band lymphoedema garment wide petite size I Navy (Essity UK Ltd),,,,2,,,,Jobst Opaque class 2 (23-32mmHg) thigh length open toe with dotted silicone band lymphoedema garment wide petite size I,2014-08-01,Jobst Opaque class 2 (23-32mmHg) thigh length open toe with dotted silicone band lymphoedema garment wide short size I,,3593211000001109,33508211000001101,VMPP,,Lymphoedema garments thigh length open toe with silicone top/band/border 2 device,2.0,3318711000001107.0,VMP,,7,,,,3,,,Lymphoedema garments thigh length open toe with silicone top/band/border,,,,,,,4,,,,,,,,,,,,,,,,,Essity UK Ltd
AMPP,4550111000001104,4550211000001105,,1.0,2003-06-18,,3,Testoderm 6mg/24hours patches (Ferring Pharmaceuticals Ltd) 30 patch,,4550011000001100,AMP,,9,,Testoderm 6mg/24hours patches (Ferring Pharmaceuticals Ltd),,,,0,,,,Testoderm 6mg/24hours patches,,,,129801000001101,35916811000001102,VMPP,,Testosterone 6mg/24hours transdermal patches 30 patch,30.0,419702001.0,VMP,,1,1.0,,,1,,,Testosterone 6mg/24hours transdermal patches,4.0,2008-07-18,Testosterone 6mg/24hours patches,1.0,2003-06-18,,2,,1.0,419702001.0,419702001.0,2018-10-19,325706006.0,777722004.0,VTM,,,Testosterone,2023-02-06,109033004.0,Testosterone 6.0 nan,,2008-01-11,Ferring Pharmaceuticals Ltd
AMPP,37312211000001109,37312311000001101,,,,,4,"Confidence BE soft convex colostomy bag with filter and overlap, standard XB32ST 32mm Stone (Salts Healthcare) 10 device",,5640111000001102,AMP,,1,,"Confidence BE soft convex colostomy bag with filter and overlap, standard XB32ST 32mm Stone (Salts Healthcare)",,,,2,,,,"Confidence BE soft convex colostomy bag with filter and overlap, standard",,,,2086101000001100,7278711000001102,VMPP,,Colostomy bags 10 device,10.0,3318711000001107.0,VMP,,7,,,,3,,,Colostomy bags,,,,,,,4,,,,,,,,,,,,,,,,,Salts Healthcare
AMPP,15422211000001107,15422311000001104,,1.0,2019-12-03,,3,Diamorphine 5mg powder for solution for injection ampoules (Accord-UK Ltd) 5 ampoule 5 ampoules,5 ampoules,1298311000001107,AMP,,9,,Diamorphine 5mg powder for solution for injection ampoules (Accord-UK Ltd),,,,1,,,,Diamorphine 5mg powder for solution for injection ampoules,,,,18471011000001103,34819611000001105,VMPP,,Diamorphine 5mg powder for solution for injection ampoules 5 ampoule,5.0,413516001.0,VMP,,2,2.0,,,1,,,Diamorphine 5mg powder for solution for injection ampoules,4.0,2004-05-19,Diamorphine 5mg injection ampoules,,,,1,,1.0,413516001.0,413516001.0,2017-10-05,322523005.0,775543001.0,VTM,,,Diamorphine,2023-02-06,60881009.0,Diamorphine hydrochloride 5.0 nan,,2008-01-11,Accord-UK Ltd
AMPP,12793011000001108,12793111000001109,,,,,3,Metformin 5mg/5ml oral solution (Special Order) 1 ml,,12792911000001100,AMP,,6,,Metformin 5mg/5ml oral solution (Special Order),,,,0,,,,Metformin 5mg/5ml oral solution,,,,8286711000001104,12813711000001107,VMPP,,Metformin 5mg/5ml oral solution 1 ml,1.0,258773002.0,VMP,,1,,,,2,,,Metformin 5mg/5ml oral solution,,,,,,,1,,,,,,,776713006.0,VTM,,,Metformin,2023-02-06,109081006.0,Metformin hydrochloride 1.0 nan,,2008-01-11,Special Order
AMPP,27106411000001103,27106511000001104,,1.0,2018-06-01,,4,Haddenham Veni class 2 (23-32mmHg) tights open toe lymphoedema garment short size VI Slate (Haddenham Healthcare Ltd) 1 device,,33019111000001100,AMP,,9,,Haddenham Veni class 2 (23-32mmHg) tights open toe lymphoedema garment short size VI Slate (Haddenham Healthcare Ltd),,,,2,,,,Haddenham Veni class 2 (23-32mmHg) tights open toe lymphoedema garment short size VI,,,,14063811000001106,33508611000001104,VMPP,,Lymphoedema garments tights/panty open toe 1 device,1.0,3318711000001107.0,VMP,,7,,,,3,,,Lymphoedema garments tights/panty open toe,,,,,,,4,,,,,,,,,,,,,,,,,Haddenham Healthcare Ltd
AMPP,489811000001108,5234011000001107,,1.0,2014-01-14,1.0,4,Dietary Specials gluten free brown multigrain loaf sliced (Dr Schar UK Ltd) 400 gram,,1186311000001105,AMP,,9,,Dietary Specials gluten free brown multigrain loaf sliced (Dr Schar UK Ltd),,,1.0,0,,,,Dietary Specials gluten free brown multigrain loaf sliced,2004-09-15,Dietary Specials gluten free multigrain sliced loaf,,3433401000001108,42012511000001105,VMPP,,Gluten free bread 400 gram,400.0,258682000.0,VMP,,7,,,,3,1.0,,Gluten free bread,,,,1.0,2023-10-24,,4,,,,,2023-07-03,328664004.0,,,,,,,,,,,Dr Schar UK Ltd
AMPP,27921611000001103,27921711000001107,,,,,4,Juzo Dynamic Cotton class 2 (23-32mmHg) thigh length closed toe with silicone top band lymphoedema garment wide standard size V Black pepper (Juzo UK Ltd) 2 device,,33017911000001109,AMP,,1,,Juzo Dynamic Cotton class 2 (23-32mmHg) thigh length closed toe with silicone top band lymphoedema garment wide standard size V Black pepper (Juzo UK Ltd),,,,2,,,,Juzo Dynamic Cotton class 2 (23-32mmHg) thigh length closed toe with silicone top band lymphoedema garment wide standard size V,,,,11473311000001109,33507811000001104,VMPP,,Lymphoedema garments thigh length closed toe with silicone top/band/border 2 device,2.0,3318711000001107.0,VMP,,7,,,,3,,,Lymphoedema garments thigh length closed toe with silicone top/band/border,,,,,,,4,,,,,,,,,,,,,,,,,Juzo UK Ltd
AMPP,14722311000001100,14722611000001105,,,,,3,Pramipexole 180microgram tablets (Sigma Pharmaceuticals Plc) 100 tablet,,3662711000001104,AMP,,1,,Pramipexole 180microgram tablets (Sigma Pharmaceuticals Plc),,,,1,,,,Pramipexole 180microgram tablets,,,1.0,2087601000001106,42039511000001108,VMPP,,Pramipexole 180microgram tablets 100 tablet,100.0,428673006.0,VMP,,1,,,,1,,,Pramipexole 180microgram tablets,,,,,,,1,,1.0,428673006.0,428673006.0,2023-07-07,323209000.0,777294006.0,VTM,,,Pramipexole,2023-02-06,108471007.0,Pramipexole dihydrochloride monohydrate 180.0 nan,,,Sigma Pharmaceuticals Plc
AMPP,36440011000001100,36440111000001104,,,,,3,Rabeprazole 20mg gastro-resistant tablets (Crescent Pharma Ltd) 28 tablet 2 x 14 tablets,2 x 14 tablets,1129711000001107,AMP,,1,,Rabeprazole 20mg gastro-resistant tablets (Crescent Pharma Ltd),,,,1,,,,Rabeprazole 20mg gastro-resistant tablets,,,,18616811000001107,42357511000001101,VMPP,,Rabeprazole 20mg gastro-resistant tablets 28 tablet,28.0,428673006.0,VMP,,1,,,,1,,,Rabeprazole 20mg gastro-resistant tablets,,,,,,,1,,1.0,428673006.0,428673006.0,2023-10-20,317325006.0,777388000.0,VTM,,,Rabeprazole,2023-02-06,421279008.0,Rabeprazole sodium 20.0 nan,,2008-01-11,Crescent Pharma Ltd
AMPP,13527111000001103,13527511000001107,,1.0,2009-03-18,,4,Sigvaris 700 class 1 (18-21mmHg) thigh length open toe with waist attachment lymphoedema garment short large plus right Crispa (Sigvaris Britain Ltd) 1 device,,33018711000001108,AMP,,9,,Sigvaris 700 class 1 (18-21mmHg) thigh length open toe with waist attachment lymphoedema garment short large plus right Crispa (Sigvaris Britain Ltd),,,,2,,,,Sigvaris 700 class 1 (18-21mmHg) thigh length open toe with waist attachment lymphoedema garment short large plus right,,,,10143211000001106,33508411000001102,VMPP,,Lymphoedema garments thigh length open toe with waist/hip attachment 1 device,1.0,3318711000001107.0,VMP,,7,,,,3,,,Lymphoedema garments thigh length open toe with waist/hip attachment,,,,,,,4,,,,,,,,,,,,,,,,,Sigvaris Britain Ltd
AMPP,31810511000001105,31810611000001109,,,,,4,Juzo Dynamic class 2 (23-32mmHg) thigh length open toe with waist attachment lymphoedema garment right extra short size III Almond (Juzo UK Ltd) 1 device,,33018711000001108,AMP,,1,,Juzo Dynamic class 2 (23-32mmHg) thigh length open toe with waist attachment lymphoedema garment right extra short size III Almond (Juzo UK Ltd),,,,2,,,,Juzo Dynamic class 2 (23-32mmHg) thigh length open toe with waist attachment lymphoedema garment right extra short size III,,,,11473311000001109,33508411000001102,VMPP,,Lymphoedema garments thigh length open toe with waist/hip attachment 1 device,1.0,3318711000001107.0,VMP,,7,,,,3,,,Lymphoedema garments thigh length open toe with waist/hip attachment,,,,,,,4,,,,,,,,,,,,,,,,,Juzo UK Ltd
AMPP,38416511000001105,38416611000001109,,1.0,2020-11-11,,3,Noradrenaline (base) 10mg/10ml solution for infusion ampoules (Special Order) 1 ampoule,,38416211000001107,AMP,Noradrenaline (base) 10mg/10ml inf ampoules,9,,Noradrenaline (base) 10mg/10ml solution for infusion ampoules (Special Order),,,,0,,,,Noradrenaline (base) 10mg/10ml solution for infusion ampoules,,,,8286711000001104,38421911000001101,VMPP,,Noradrenaline (base) 10mg/10ml solution for infusion ampoules 1 ampoule,1.0,413516001.0,VMP,Noradrenaline (base) 10mg/10ml inf ampoules,2,,,,1,,,Noradrenaline (base) 10mg/10ml solution for infusion ampoules,,,,,,,1,,10.0,258773002.0,413516001.0,,,776939000.0,VTM,,,Noradrenaline,2023-02-06,111130009.0,Noradrenaline acid tartrate 1.0 nan,,2012-10-17,Special Order
AMPP,43114411000001104,43114511000001100,,,,,3,Wezenla 45mg/0.5ml solution for injection pre-filled syringes (Amgen Ltd) 1 pre-filled disposable injection,,17462511000001101,AMP,Wezenla 45mg/0.5ml inj pre-filled syringes,1,,Wezenla 45mg/0.5ml solution for injection pre-filled syringes (Amgen Ltd),1.0,,,1,,,,Wezenla 45mg/0.5ml solution for injection pre-filled syringes,,,,3303701000001100,17484011000001100,VMPP,,Ustekinumab 45mg/0.5ml solution for injection pre-filled syringes 1 pre-filled disposable injection,1.0,3318611000001103.0,VMP,,1,,,,1,,,Ustekinumab 45mg/0.5ml solution for injection pre-filled syringes,,,,,,,9,,0.5,258773002.0,3318611000001103.0,,,777905007.0,VTM,,,Ustekinumab,2023-02-06,443644001.0,Ustekinumab 90.0 nan,,2008-01-11,Amgen Ltd
AMPP,141311000001107,1516711000001101,,1.0,2016-03-16,,2,Ferrous sulfate 200mg tablets (Kent Pharma (UK) Ltd) 1000 tablet,,1225011000001105,AMP,,9,,Ferrous sulfate 200mg tablets (Kent Pharma (UK) Ltd),,,,1,,,,Ferrous sulfate 200mg tablets,2013-08-01,Ferrous sulphate 200mg tablets,,2073701000001100,41985211000001107,VMPP,,Ferrous sulfate 200mg tablets 1000 tablet,1000.0,428673006.0,VMP,,7,7.0,,,1,,,Ferrous sulfate 200mg tablets,4.0,2013-08-01,Ferrous sulphate 200mg tablets,,,,1,,1.0,428673006.0,428673006.0,2023-06-23,327438003.0,775951009.0,VTM,,,Ferrous sulfate,2023-02-06,71724000.0,Ferrous sulfate dried 200.0 nan,,,Kent Pharma (UK) Ltd
AMPP,30408011000001103,30408111000001102,,,,,4,Sigvaris Essential Thermoregulating class 1 (18-21mmHg) thigh length open toe with waist attachment lymphoedema garment short extra small right plus Black (Sigvaris Britain Ltd) 1 device,,33018711000001108,AMP,,1,,Sigvaris Essential Thermoregulating class 1 (18-21mmHg) thigh length open toe with waist attachment lymphoedema garment short extra small right plus Black (Sigvaris Britain Ltd),,,,2,,,,Sigvaris Essential Thermoregulating class 1 (18-21mmHg) thigh length open toe with waist attachment lymphoedema garment short extra small right plus,2020-01-01,Sigvaris Cotton class 1 (18-21mmHg) thigh length open toe with waist attachment lymphoedema garment short extra small right plus,,10143211000001106,33508411000001102,VMPP,,Lymphoedema garments thigh length open toe with waist/hip attachment 1 device,1.0,3318711000001107.0,VMP,,7,,,,3,,,Lymphoedema garments thigh length open toe with waist/hip attachment,,,,,,,4,,,,,,,,,,,,,,,,,Sigvaris Britain Ltd
AMPP,37195111000001103,37195211000001109,,,,,4,Skinnies AM vest sleeveless 6-24 months Ecru (Dermacea Ltd) 1 device,,37194611000001105,AMP,,1,,Skinnies AM vest sleeveless 6-24 months Ecru (Dermacea Ltd),,,,2,,,,Skinnies AM vest sleeveless 6-24 months,,,,15048311000001108,37194511000001106,VMPP,,Elasticated viscose stockinette impregnated with antimicrobial agents vest 6-24 months 1 device,1.0,3318711000001107.0,VMP,,7,,,,3,,,Elasticated viscose stockinette impregnated with antimicrobial agents vest 6-24 months,,,,,,,4,,,,,,,,,,,,,,,,,Dermacea Ltd
AMPP,35421911000001107,35422011000001100,,,,,4,NovaLife TRE 1 soft convex ileostomy bag maxi 3083-30 30mm Beige (Dansac Ltd) 10 device,,6289611000001107,AMP,,1,,NovaLife TRE 1 soft convex ileostomy bag maxi 3083-30 30mm Beige (Dansac Ltd),,,,2,,,,NovaLife TRE 1 soft convex ileostomy bag maxi,,,,2295501000001108,7288411000001102,VMPP,,Ileostomy bags 10 device,10.0,3318711000001107.0,VMP,,7,,,,3,,,Ileostomy bags,,,,,,,4,,,,,,,,,,,,,,,,,Dansac Ltd
AMPP,34284111000001108,34284211000001102,,,,,4,Juzo Soft class 1 (18-21mmHg) armsleeve with silicone border max lymphoedema garment size V Black pepper (Juzo UK Ltd) 1 device,,32999911000001104,AMP,,1,,Juzo Soft class 1 (18-21mmHg) armsleeve with silicone border max lymphoedema garment size V Black pepper (Juzo UK Ltd),,,,2,,,,Juzo Soft class 1 (18-21mmHg) armsleeve with silicone border max lymphoedema garment size V,,,,11473311000001109,33501111000001104,VMPP,,Lymphoedema garments armsleeve with silicone top/band/border 1 device,1.0,3318711000001107.0,VMP,,7,,,,3,,,Lymphoedema garments armsleeve with silicone top/band/border,,,,,,,4,,,,,,,,,,,,,,,,,Juzo UK Ltd
AMPP,28186211000001106,28186311000001103,,,,,4,Juzo Dynamic custom fit class 2 (23-32mmHg) one-legged panty closed toe lymphoedema garment Sesame (Juzo UK Ltd) 1 device,,33016211000001102,AMP,,1,,Juzo Dynamic custom fit class 2 (23-32mmHg) one-legged panty closed toe lymphoedema garment Sesame (Juzo UK Ltd),,,,2,,,,Juzo Dynamic custom fit class 2 (23-32mmHg) one-legged panty closed toe lymphoedema garment,2015-12-01,Juzo Dynamic class 2 (23-32mmHg) made to measure one-legged panty closed toe lymphoedema garment,,11473311000001109,33507211000001100,VMPP,,Lymphoedema garments made to measure tights/panty closed toe 1 device,1.0,3318711000001107.0,VMP,,7,,,,3,,,Lymphoedema garments made to measure tights/panty closed toe,,,,,,,4,,,,,,,,,,,,,,,,,Juzo UK Ltd
AMPP,37067311000001104,37067511000001105,,1.0,2020-02-29,,3,Fenofibrate micronised 200mg capsules (Mawdsley-Brooks & Company Ltd) 28 capsule,,2951511000001103,AMP,,9,,Fenofibrate micronised 200mg capsules (Mawdsley-Brooks & Company Ltd),,,,1,,,,Fenofibrate micronised 200mg capsules,,,,15125811000001100,42210011000001105,VMPP,,Fenofibrate micronised 200mg capsules 28 capsule,28.0,428641000.0,VMP,,1,1.0,,,1,,,Fenofibrate micronised 200mg capsules,4.0,2004-07-27,Fenofibrate 200mg capsules,,,,1,,1.0,428641000.0,428641000.0,2023-09-01,319988005.0,3.64113110000011e+16,VTM,,,Fenofibrate micronised,2018-11-15,412388002.0,Fenofibrate micronised 200.0 nan,,,Mawdsley-Brooks & Company Ltd
AMPP,3866311000001108,3866511000001102,,1.0,2006-06-08,,2,Hioxyl 1.5% cream (Ferndale Pharmaceuticals Ltd) 100 gram,,3866211000001100,AMP,,9,,Hioxyl 1.5% cream (Ferndale Pharmaceuticals Ltd),,,,1,,,,Hioxyl 1.5% cream,,,,5213611000001109,41901611000001105,VMPP,,Hydrogen peroxide 1.5% cream 100 gram,100.0,258682000.0,VMP,,7,,,,2,,,Hydrogen peroxide 1.5% cream,,,,1.0,2006-06-08,,1,,,,,2023-06-02,333452009.0,776263000.0,VTM,,,Hydrogen peroxide,2023-02-06,31231007.0,Hydrogen peroxide 15.0 nan,2022-04-22,,Ferndale Pharmaceuticals Ltd
AMPP,30802011000001105,30802211000001100,,,,,3,Lithium carbonate 250mg tablets (Alliance Healthcare (Distribution) Ltd) 100 tablet,,963211000001105,AMP,,1,,Lithium carbonate 250mg tablets (Alliance Healthcare (Distribution) Ltd),,,,1,,,,Lithium carbonate 250mg tablets,,,,2089901000001107,42295711000001101,VMPP,,Lithium carbonate 250mg tablets 100 tablet,100.0,428673006.0,VMP,,7,,,,1,,,Lithium carbonate 250mg tablets,,,,,,,9,,1.0,428673006.0,428673006.0,2023-09-29,321730000.0,776555000.0,VTM,,,Lithium carbonate,2023-02-06,16977003.0,Lithium carbonate 250.0 nan,,,Alliance Healthcare (Distribution) Ltd
AMPP,314011000001105,1649411000001103,,1.0,2010-09-01,,4,Ribbed cotton and viscose surgical tubular stockinette BP 1988 type A lightweight 25cm (Molnlycke Health Care Ltd) 5 m,,1210811000001102,AMP,,9,,Ribbed cotton and viscose surgical tubular stockinette BP 1988 type A lightweight 25cm (Molnlycke Health Care Ltd),,,,2,,,,Ribbed cotton and viscose surgical tubular stockinette BP 1988 type A lightweight 25cm,2006-12-01,Seton stockinette 25cm,,2078301000001108,3439711000001101,VMPP,,Ribbed cotton and viscose surgical tubular stockinette BP 1988 type A lightweight 25cm 5 m,5.0,258669008.0,VMP,,7,,,,3,,,Ribbed cotton and viscose surgical tubular stockinette BP 1988 type A lightweight 25cm,,,,1.0,2010-09-01,,2,,,,,,,,,,,,,,,,,Molnlycke Health Care Ltd
AMPP,13728411000001106,13728511000001105,,,,,4,WoundASSIST TNP dressing pack small/medium (Huntleigh Healthcare Ltd) 1 kit,,13725811000001104,AMP,,1,,WoundASSIST TNP dressing pack small/medium (Huntleigh Healthcare Ltd),,,,2,,,,WoundASSIST TNP dressing pack small/medium,,,,13732111000001101,13732011000001102,VMPP,,Topical negative pressure system accessories 1 kit,1.0,419179001.0,VMP,,7,,,,3,,,Topical negative pressure system accessories,,,,,,,4,,,,,,,,,,,,,,,,,Huntleigh Healthcare Ltd
AMPP,27613111000001100,27613211000001106,,,,,4,Juzo Dynamic Cotton class 2 (23-32mmHg) below knee open toe with silicone top band lymphoedema garment standard size III Sesame (Juzo UK Ltd) 2 device,,33002411000001101,AMP,,1,,Juzo Dynamic Cotton class 2 (23-32mmHg) below knee open toe with silicone top band lymphoedema garment standard size III Sesame (Juzo UK Ltd),,,,2,,,,Juzo Dynamic Cotton class 2 (23-32mmHg) below knee open toe with silicone top band lymphoedema garment standard size III,,,,11473311000001109,33502311000001106,VMPP,,Lymphoedema garments below knee open toe with silicone top/band/border 2 device,2.0,3318711000001107.0,VMP,,7,,,,3,,,Lymphoedema garments below knee open toe with silicone top/band/border,,,,,,,4,,,,,,,,,,,,,,,,,Juzo UK Ltd
AMPP,19649111000001104,19649211000001105,,,,,4,Sigvaris Advance 2 medium compression (20-25mmHg) armsleeve with grip top lymphoedema garment normal medium plus size Black (Sigvaris Britain Ltd) 1 device,,33000011000001106,AMP,,1,,Sigvaris Advance 2 medium compression (20-25mmHg) armsleeve with grip top lymphoedema garment normal medium plus size Black (Sigvaris Britain Ltd),,,,2,,,,Sigvaris Advance 2 medium compression (20-25mmHg) armsleeve with grip top lymphoedema garment normal medium plus size,2012-05-01,Sigvaris Advance 2 medium compression (20-25mmHg) armsleeve with grip top lymphoedema garment normal medium plus,,10143211000001106,33501211000001105,VMPP,,Lymphoedema garments armsleeve with top/band/border 1 device,1.0,3318711000001107.0,VMP,,7,,,,3,,,Lymphoedema garments armsleeve with top/band/border,,,,,,,4,,,,,,,,,,,,,,,,,Sigvaris Britain Ltd
AMPP,19781911000001100,19782111000001108,,,,,4,Greenlan lancets 0.35mm/28gauge (Neon Diagnostics Ltd) 200 lancet,,14579711000001107,AMP,,1,,Greenlan lancets 0.35mm/28gauge (Neon Diagnostics Ltd),,,,2,,,,Greenlan lancets 0.35mm/28gauge,,,,19566211000001100,14607111000001104,VMPP,,Lancets sterile single use 0.35mm/28gauge 200 lancet,200.0,3317611000001102.0,VMP,,7,7.0,,,3,,,Lancets sterile single use 0.35mm/28gauge,4.0,2011-12-05,Lancets sterile single use 0.35mm/28 gauge,,,,4,,,,,,,,,,,,,,,,,Neon Diagnostics Ltd
AMPP,25978811000001105,25979011000001109,,1.0,2018-06-01,,4,Haddenham Veni class 1 (18-21mmHg) tights closed toe lymphoedema garment regular size VII Grey (Haddenham Healthcare Ltd) 1 device,,33018911000001105,AMP,,9,,Haddenham Veni class 1 (18-21mmHg) tights closed toe lymphoedema garment regular size VII Grey (Haddenham Healthcare Ltd),,,,2,,,,Haddenham Veni class 1 (18-21mmHg) tights closed toe lymphoedema garment regular size VII,,,,14063811000001106,33508511000001103,VMPP,,Lymphoedema garments tights/panty closed toe 1 device,1.0,3318711000001107.0,VMP,,7,,,,3,,,Lymphoedema garments tights/panty closed toe,,,,,,,4,,,,,,,,,,,,,,,,,Haddenham Healthcare Ltd
AMPP,39768411000001102,39768511000001103,,,,,4,SpiritCare hydrophilic catheter male 18Ch SH-CC028 (Spirit Healthcare Ltd) 30 catheter,,7201811000001105,AMP,,1,,SpiritCare hydrophilic catheter male 18Ch SH-CC028 (Spirit Healthcare Ltd),,,,2,,,,SpiritCare hydrophilic catheter male 18Ch,,,,15615111000001101,7290511000001102,VMPP,,Nelaton catheter male 18Ch 30 catheter,30.0,3319911000001101.0,VMP,,7,2.0,,,3,,,Nelaton catheter male 18Ch,4.0,2004-10-29,Nelaton catheter male 18Ch,,,,4,,,,,,,,,,,,,,,,,Spirit Healthcare Ltd
AMPP,30376511000001106,30376611000001105,,,,,4,Sigvaris Essential Thermoregulating class 1 (18-21mmHg) thigh length open toe with waist attachment lymphoedema garment short XX small right Nature (Sigvaris Britain Ltd) 1 device,,33018711000001108,AMP,,1,,Sigvaris Essential Thermoregulating class 1 (18-21mmHg) thigh length open toe with waist attachment lymphoedema garment short XX small right Nature (Sigvaris Britain Ltd),,,,2,,,,Sigvaris Essential Thermoregulating class 1 (18-21mmHg) thigh length open toe with waist attachment lymphoedema garment short XX small right,2020-01-01,Sigvaris Cotton class 1 (18-21mmHg) thigh length open toe with waist attachment lymphoedema garment short XX small right,,10143211000001106,33508411000001102,VMPP,,Lymphoedema garments thigh length open toe with waist/hip attachment 1 device,1.0,3318711000001107.0,VMP,,7,,,,3,,,Lymphoedema garments thigh length open toe with waist/hip attachment,,,,,,,4,,,,,,,,,,,,,,,,,Sigvaris Britain Ltd
AMPP,6407511000001104,6408111000001109,,1.0,2006-08-01,,4,Freedom Folatex latex catheter male 14Ch 41-515-26 10ml balloon (Mentor Medical Ltd) 1 catheter,,6402211000001100,AMP,,9,,Freedom Folatex latex catheter male 14Ch 41-515-26 10ml balloon (Mentor Medical Ltd),,,,2,,,,Freedom Folatex latex catheter male 14Ch,2004-12-01,Eschmann Folatex latex catheter male 14Ch,,3758201000001107,7286911000001106,VMPP,,Foley catheter male 14Ch 1 catheter,1.0,3319911000001101.0,VMP,,7,,,,3,,,Foley catheter male 14Ch,,,,,,,4,,,,,,,,,,,,,,,,,Mentor Medical Ltd
AMPP,9399711000001104,9399811000001107,,,,,3,Prednisolone sodium phosphate 0.005% eye drops (Special Order) 1 ml,,9399611000001108,AMP,,6,,Prednisolone sodium phosphate 0.005% eye drops (Special Order),,,,0,,,,Prednisolone sodium phosphate 0.005% eye drops,,,,8286711000001104,9407111000001102,VMPP,,Prednisolone sodium phosphate 0.005% eye drops 1 ml,1.0,258773002.0,VMP,,4,,,,2,,,Prednisolone sodium phosphate 0.005% eye drops,,,,,,,1,,,,,,,777309005.0,VTM,,,Prednisolone,2023-02-06,52388000.0,Prednisolone sodium phosphate 50.0 nan,2021-09-06,,Special Order
AMPP,14382511000001104,14383211000001108,,,,,4,Haddenham Veni class 3 (34-46mmHg) below knee open toe lymphoedema garment regular size I Beige (Haddenham Healthcare Ltd) 2 device,,33002211000001100,AMP,,1,,Haddenham Veni class 3 (34-46mmHg) below knee open toe lymphoedema garment regular size I Beige (Haddenham Healthcare Ltd),,,,2,,,,Haddenham Veni class 3 (34-46mmHg) below knee open toe lymphoedema garment regular size I,,,,14063811000001106,33502211000001103,VMPP,,Lymphoedema garments below knee open toe 2 device,2.0,3318711000001107.0,VMP,,7,,,,3,,,Lymphoedema garments below knee open toe,,,,,,,4,,,,,,,,,,,,,,,,,Haddenham Healthcare Ltd
AMPP,8555611000001100,8555811000001101,,,,,3,Ketamine 5mg/5ml oral solution (Special Order) 1 ml,,8555411000001103,AMP,,6,,Ketamine 5mg/5ml oral solution (Special Order),,,,0,,,,Ketamine 5mg/5ml oral solution,,,,8286711000001104,8579611000001100,VMPP,,Ketamine 5mg/5ml oral solution 1 ml,1.0,258773002.0,VMP,,1,,,,2,,,Ketamine 5mg/5ml oral solution,,,,,,,1,,,,,,,776446001.0,VTM,,,Ketamine,2023-02-06,333847008.0,Ketamine hydrochloride 1.0 nan,,2008-01-11,Special Order
AMPP,30669111000001107,30669311000001109,,,,,4,Sigvaris Essential Thermoregulating class 2 (23-32mmHg) thigh length closed toe with waist attachment lymphoedema garment long extra large left plus Black (Sigvaris Britain Ltd) 1 device,,33018311000001109,AMP,,1,,Sigvaris Essential Thermoregulating class 2 (23-32mmHg) thigh length closed toe with waist attachment lymphoedema garment long extra large left plus Black (Sigvaris Britain Ltd),,,,2,,,,Sigvaris Essential Thermoregulating class 2 (23-32mmHg) thigh length closed toe with waist attachment lymphoedema garment long extra large left plus,2020-01-01,Sigvaris Cotton class 2 (23-32mmHg) thigh length closed toe with waist attachment lymphoedema garment long extra large left plus,,10143211000001106,33508011000001106,VMPP,,Lymphoedema garments thigh length closed toe with waist/hip attachment 1 device,1.0,3318711000001107.0,VMP,,7,,,,3,,,Lymphoedema garments thigh length closed toe with waist/hip attachment,,,,,,,4,,,,,,,,,,,,,,,,,Sigvaris Britain Ltd
AMPP,28210611000001107,28210711000001103,,,,,4,Juzo Inspiration custom fit class 1 (18-21mmHg) thigh length open toe with silicone top band lymphoedema garment Blueberry (Juzo UK Ltd) 1 device,,33015411000001107,AMP,,1,,Juzo Inspiration custom fit class 1 (18-21mmHg) thigh length open toe with silicone top band lymphoedema garment Blueberry (Juzo UK Ltd),,,,2,,,,Juzo Inspiration custom fit class 1 (18-21mmHg) thigh length open toe with silicone top band lymphoedema garment,2018-10-01,Juzo Attractive custom fit class 1 (18-21mmHg) thigh length open toe with silicone top band lymphoedema garment,,11473311000001109,33506811000001101,VMPP,,Lymphoedema garments made to measure thigh length open toe with silicone top/band/border 1 device,1.0,3318711000001107.0,VMP,,7,,,,3,,,Lymphoedema garments made to measure thigh length open toe with silicone top/band/border,,,,,,,4,,,,,,,,,,,,,,,,,Juzo UK Ltd
AMPP,22225511000001101,22225611000001102,,1.0,2019-11-01,,3,Memantine 20mg tablets (Teva UK Ltd) 28 tablet 2 x 14 tablets,2 x 14 tablets,13914211000001103,AMP,,9,,Memantine 20mg tablets (Teva UK Ltd),,,,1,,,,Memantine 20mg tablets,,,,3849901000001105,13939111000001104,VMPP,,Memantine 20mg tablets 28 tablet,28.0,428673006.0,VMP,,1,,,,1,,,Memantine 20mg tablets,,,,,,,1,,1.0,428673006.0,428673006.0,,,776669005.0,VTM,,,Memantine,2023-02-06,406457005.0,Memantine hydrochloride 20.0 nan,,,Teva UK Ltd
AMPP,5917811000001103,5918011000001105,,1.0,2007-07-01,,4,Beta two piece ostomy system bag 32-294-16 (Mentor Medical Ltd) 90 device,,5654211000001103,AMP,,9,,Beta two piece ostomy system bag 32-294-16 (Mentor Medical Ltd),,,,2,,,,Beta two piece ostomy system bag,,,,3758201000001107,7300311000001101,VMPP,,Two piece ostomy systems 90 device,90.0,3318711000001107.0,VMP,,7,,,,3,,,Two piece ostomy systems,,,,,,,4,,,,,,,,,,,,,,,,,Mentor Medical Ltd
AMPP,9076911000001102,9115311000001106,,,,,4,Medisafe dressing 9cm x 25cm (Neomedic Ltd) 20 dressing,,9115211000001103,AMP,,1,,Medisafe dressing 9cm x 25cm (Neomedic Ltd),,,,2,,,,Medisafe dressing 9cm x 25cm,,,,4817011000001105,3118011000001103,VMPP,,Absorbent perforated dressing with adhesive border 9cm x 25cm 20 dressing,20.0,3320111000001103.0,VMP,,7,,,,3,,,Absorbent perforated dressing with adhesive border 9cm x 25cm,,,,,,,4,,,,,,,,,,,,,,,,,Neomedic Ltd
AMPP,319611000001104,1704911000001106,,,,,4,Nutrison Energy liquid (Nutricia Ltd) 500 ml 1 x 500ml pack,1 x 500ml pack,1183011000001104,AMP,,1,,Nutrison Energy liquid (Nutricia Ltd),,,,0,,,,Nutrison Energy liquid,,,,3515801000001108,3549211000001102,VMPP,,Generic Nutrison Energy liquid 500 ml,500.0,258773002.0,VMP,,7,,,,3,1.0,,Generic Nutrison Energy liquid,,,,,,,4,,,,,,,,,,,,,,,,2018-04-18,Nutricia Ltd
AMPP,4767511000001101,4767611000001102,,1.0,2010-11-22,,3,Protirelin 200micrograms/2ml solution for injection ampoules (Alliance Healthcare (Distribution) Ltd) 10 ampoule,,4767211000001104,AMP,,9,,Protirelin 200micrograms/2ml solution for injection ampoules (Alliance Healthcare (Distribution) Ltd),,,,1,,,,Protirelin 200micrograms/2ml solution for injection ampoules,2004-06-09,Protirelin 100micrograms/ml injection 2ml ampoules,,2089901000001107,35933211000001103,VMPP,,Protirelin 200micrograms/2ml solution for injection ampoules 10 ampoule,10.0,413516001.0,VMP,,1,1.0,,,1,,,Protirelin 200micrograms/2ml solution for injection ampoules,4.0,2004-06-09,Protirelin 100micrograms/ml injection 2ml ampoules,1.0,2011-02-16,,1,,2.0,258773002.0,413516001.0,2018-10-22,326012002.0,777353000.0,VTM,,,Protirelin,2023-02-06,412496008.0,Protirelin 100.0 nan,,2008-01-11,Alliance Healthcare (Distribution) Ltd
AMPP,37043111000001104,37043311000001102,,,,,4,SMA Little Steps First Infant milk powder (SMA Nutrition) 800 gram,,37042911000001108,AMP,,1,,SMA Little Steps First Infant milk powder (SMA Nutrition),,,,0,,,,SMA Little Steps First Infant milk powder,,,,3412801000001109,37075211000001108,VMPP,,Generic SMA Little Steps First Infant milk powder 800 gram,800.0,258682000.0,VMP,,7,,,,3,,,Generic SMA Little Steps First Infant milk powder,,,,,,,4,,,,,,,,,,,,,,,,,SMA Nutrition
AMPP,420811000001109,6391911000001109,,1.0,2016-10-01,,2,Ibuprofen 400mg tablets sugar coated (Kent Pharma (UK) Ltd) 48 tablet 4 x 12 tablets,4 x 12 tablets,1109111000001104,AMP,,9,,Ibuprofen 400mg tablets sugar coated (Kent Pharma (UK) Ltd),,,,1,,,,Ibuprofen 400mg tablets sugar coated,,,,2073701000001100,42104911000001104,VMPP,,Ibuprofen 400mg tablets 48 tablet,48.0,428673006.0,VMP,,1,,,,1,,,Ibuprofen 400mg tablets,,,,,,,1,,1.0,428673006.0,428673006.0,2023-07-28,329653008.0,776287003.0,VTM,,,Ibuprofen,2023-02-06,38268001.0,Ibuprofen 400.0 nan,,,Kent Pharma (UK) Ltd
AMPP,26912111000001109,26912511000001100,,1.0,2018-06-01,,4,Haddenham Veni class 3 (34-46mmHg) below knee open toe lymphoedema garment extra wide long size V Pearl (Haddenham Healthcare Ltd) 2 device,,33002211000001100,AMP,,9,,Haddenham Veni class 3 (34-46mmHg) below knee open toe lymphoedema garment extra wide long size V Pearl (Haddenham Healthcare Ltd),,,,2,,,,Haddenham Veni class 3 (34-46mmHg) below knee open toe lymphoedema garment extra wide long size V,,,,14063811000001106,33502211000001103,VMPP,,Lymphoedema garments below knee open toe 2 device,2.0,3318711000001107.0,VMP,,7,,,,3,,,Lymphoedema garments below knee open toe,,,,,,,4,,,,,,,,,,,,,,,,,Haddenham Healthcare Ltd
AMPP,21739711000001102,21739811000001105,,,,,4,Cutimed Siltec Sorbact B dressing 15cm x 15cm (Essity UK Ltd) 1 dressing,,15590011000001100,AMP,,1,,Cutimed Siltec Sorbact B dressing 15cm x 15cm (Essity UK Ltd),,,,2,,,,Cutimed Siltec Sorbact B dressing 15cm x 15cm,2023-08-01,Cutimed Siltec Sorbact dressing 15cm x 15cm,,3593211000001109,15614011000001101,VMPP,,Soft polymer wound contact dressing with polyurethane foam film backing impregnated with antimicrobial agents 15cm x 15cm 1 dressing,1.0,3320111000001103.0,VMP,,7,7.0,,,3,,,Soft polymer wound contact dressing with polyurethane foam film backing impregnated with antimicrobial agents 15cm x 15cm,4.0,2012-02-01,Soft polymer wound contact dressing with polyurethane foam film backing impregnated with silver 15cm x 15cm,,,,4,,,,,,,,,,,,,,,,,Essity UK Ltd
AMPP,29067111000001105,29067211000001104,,,,,4,Juzo Inspiration class 1 (18-21mmHg) below knee closed toe with silicone top band lymphoedema garment short size IV Poppy seed (Juzo UK Ltd) 2 device,,33001711000001100,AMP,,1,,Juzo Inspiration class 1 (18-21mmHg) below knee closed toe with silicone top band lymphoedema garment short size IV Poppy seed (Juzo UK Ltd),,,,2,,,,Juzo Inspiration class 1 (18-21mmHg) below knee closed toe with silicone top band lymphoedema garment short size IV,2018-10-01,Juzo Attractive class 1 (18-21mmHg) below knee closed toe with silicone top band lymphoedema garment short size IV,,11473311000001109,33502011000001108,VMPP,,Lymphoedema garments below knee closed toe with silicone top/band/border 2 device,2.0,3318711000001107.0,VMP,,7,,,,3,,,Lymphoedema garments below knee closed toe with silicone top/band/border,,,,,,,4,,,,,,,,,,,,,,,,,Juzo UK Ltd
AMPP,24881111000001100,24881211000001106,,1.0,2023-01-01,,4,Juzo Hostess class 1 (18-21mmHg) thigh length closed toe lymphoedema garment short size II Nutmeg (Juzo UK Ltd) 2 device,,33017611000001103,AMP,,9,,Juzo Hostess class 1 (18-21mmHg) thigh length closed toe lymphoedema garment short size II Nutmeg (Juzo UK Ltd),,,,2,,,,Juzo Hostess class 1 (18-21mmHg) thigh length closed toe lymphoedema garment short size II,,,,11473311000001109,33507611000001103,VMPP,,Lymphoedema garments thigh length closed toe 2 device,2.0,3318711000001107.0,VMP,,7,,,,3,,,Lymphoedema garments thigh length closed toe,,,,,,,4,,,,,,,,,,,,,,,,,Juzo UK Ltd
AMPP,14761111000001102,14761211000001108,,1.0,2016-07-20,,3,Voltarol Retard 100mg tablets (Sigma Pharmaceuticals Plc) 30 tablet,,14761011000001103,AMP,,9,,Voltarol Retard 100mg tablets (Sigma Pharmaceuticals Plc),,,,1,,,,Voltarol Retard 100mg tablets,,,1.0,2087601000001106,36563711000001106,VMPP,,Diclofenac sodium 100mg modified-release tablets 30 tablet,30.0,428673006.0,VMP,,4,,,,1,,,Diclofenac sodium 100mg modified-release tablets,,,,,,,1,,1.0,428673006.0,428673006.0,2019-01-17,329585001.0,3.64090110000011e+16,VTM,,,Diclofenac sodium,2018-11-15,419143009.0,Diclofenac sodium 100.0 nan,,2008-01-11,Sigma Pharmaceuticals Plc
AMPP,37117211000001102,37117611000001100,,1.0,2020-02-29,,3,Levothyroxine sodium 100micrograms/5ml oral solution sugar free (Mawdsley-Brooks & Company Ltd) 100 ml,,10743411000001104,AMP,Levothyroxine sodium 100micrograms/5ml soln sugar free,9,,Levothyroxine sodium 100micrograms/5ml oral solution sugar free (Mawdsley-Brooks & Company Ltd),,,,1,,,,Levothyroxine sodium 100micrograms/5ml oral solution sugar free,,,,15125811000001100,10749611000001104,VMPP,,Levothyroxine sodium 100micrograms/5ml oral solution sugar free 100 ml,100.0,258773002.0,VMP,Levothyroxine sodium 100micrograms/5ml soln sugar free,1,,,,1,,,Levothyroxine sodium 100micrograms/5ml oral solution sugar free,,,,0.0,2012-05-15,,1,1.0,5.0,258773002.0,733015007.0,,,776526008.0,VTM,,,Levothyroxine,2023-02-06,1.0071011000001106e+16,Levothyroxine sodium anhydrous 20.0 nan,,2008-01-11,Mawdsley-Brooks & Company Ltd
AMPP,18649111000001101,18649211000001107,1.0,1.0,2023-03-22,,3,Femoston 2/10mg tablets (DE Pharmaceuticals) 84 tablet,,3349511000001102,AMP,,9,1.0,Femoston 2/10mg tablets (DE Pharmaceuticals),,,,1,,,,Femoston 2/10mg tablets,,,1.0,2268901000001109,3542811000001106,VMPP,,Generic Femoston 2/10mg tablets 84 tablet,84.0,428673006.0,VMP,,7,,,1.0,3,,,Generic Femoston 2/10mg tablets,,,,,,,4,,,,,,,,,,,,,,,,,DE Pharmaceuticals
AMPP,35166011000001106,35166111000001107,,,,,3,Losartan 50mg tablets (Milpharm Ltd) 28 tablet,,1234911000001107,AMP,,1,,Losartan 50mg tablets (Milpharm Ltd),,,,1,,,,Losartan 50mg tablets,,,,3313311000001100,42377011000001106,VMPP,,Losartan 50mg tablets 28 tablet,28.0,428673006.0,VMP,,1,,,,1,,,Losartan 50mg tablets,,,,,,,1,,1.0,428673006.0,428673006.0,2023-10-27,318956006.0,776577001.0,VTM,,,Losartan,2023-02-06,96309000.0,Losartan potassium 50.0 nan,,,Milpharm Ltd
AMPP,7084211000001101,7084911000001105,,,,,4,Chailey male urinal with rubber bag WP100-01-P (Jade-Euro-Med) 1 device,,6472511000001108,AMP,,1,,Chailey male urinal with rubber bag WP100-01-P (Jade-Euro-Med),,,,2,,,,Chailey male urinal with rubber bag,,,,2065301000001106,7300411000001108,VMPP,,Urinal systems 1 device,1.0,3318711000001107.0,VMP,,7,,,,3,,,Urinal systems,,,,,,,4,,,,,,,,,,,,,,,,,Jade-Euro-Med
AMPP,5629611000001101,5629711000001105,,1.0,2008-07-23,,3,Ramipril 10mg capsules (Genus Pharmaceuticals Ltd) 28 capsule 2 x 14 capsules,2 x 14 capsules,1069111000001107,AMP,,9,,Ramipril 10mg capsules (Genus Pharmaceuticals Ltd),,,,1,,,,Ramipril 10mg capsules,,,,2945601000001100,42381211000001101,VMPP,,Ramipril 10mg capsules 28 capsule,28.0,428641000.0,VMP,,1,,,,1,,,Ramipril 10mg capsules,,,,,,,1,,1.0,428641000.0,428641000.0,2023-10-27,318906001.0,777395009.0,VTM,,,Ramipril,2023-02-06,108564000.0,Ramipril 10.0 nan,,,Genus Pharmaceuticals Ltd
AMPP,32227011000001101,32227311000001103,,1.0,2023-01-01,,4,Juzo Hostess class 1 (18-21mmHg) thigh length open toe lymphoedema garment extra short size VI Sesame (Juzo UK Ltd) 2 device,,33018411000001102,AMP,,9,,Juzo Hostess class 1 (18-21mmHg) thigh length open toe lymphoedema garment extra short size VI Sesame (Juzo UK Ltd),,,,2,,,,Juzo Hostess class 1 (18-21mmHg) thigh length open toe lymphoedema garment extra short size VI,,,,11473311000001109,33508111000001107,VMPP,,Lymphoedema garments thigh length open toe 2 device,2.0,3318711000001107.0,VMP,,7,,,,3,,,Lymphoedema garments thigh length open toe,,,,,,,4,,,,,,,,,,,,,,,,,Juzo UK Ltd
AMPP,31181811000001108,31181911000001103,,,,,4,Juzo Inspiration class 1 (18-21mmHg) below knee closed toe with silicone top band lymphoedema garment extra short size III Blueberry (Juzo UK Ltd) 2 device,,33001711000001100,AMP,,1,,Juzo Inspiration class 1 (18-21mmHg) below knee closed toe with silicone top band lymphoedema garment extra short size III Blueberry (Juzo UK Ltd),,,,2,,,,Juzo Inspiration class 1 (18-21mmHg) below knee closed toe with silicone top band lymphoedema garment extra short size III,2018-10-01,Juzo Attractive class 1 (18-21mmHg) below knee closed toe with silicone top band lymphoedema garment extra short size III,,11473311000001109,33502011000001108,VMPP,,Lymphoedema garments below knee closed toe with silicone top/band/border 2 device,2.0,3318711000001107.0,VMP,,7,,,,3,,,Lymphoedema garments below knee closed toe with silicone top/band/border,,,,,,,4,,,,,,,,,,,,,,,,,Juzo UK Ltd
AMPP,23435111000001102,23435211000001108,,,,,4,Promin low protein cheese sauce mix (Firstplay Dietary Foods Ltd) 225 gram,,23435011000001103,AMP,,1,,Promin low protein cheese sauce mix (Firstplay Dietary Foods Ltd),,,,0,,,,Promin low protein cheese sauce mix,,,,2998201000001103,23442211000001102,VMPP,,Generic Promin low protein cheese sauce mix 225 gram,225.0,258682000.0,VMP,,7,,,,3,,,Generic Promin low protein cheese sauce mix,,,,,,,4,,,,,,,,,,,,,,,,,Firstplay Dietary Foods Ltd
AMPP,35279211000001102,35279411000001103,,,,,3,Sildenafil 50mg tablets (Bristol Laboratories Ltd) 8 tablet 2 x 4 tablets,2 x 4 tablets,1088011000001104,AMP,,1,,Sildenafil 50mg tablets (Bristol Laboratories Ltd),,,,1,,,,Sildenafil 50mg tablets,,,,15987211000001101,42089611000001104,VMPP,,Sildenafil 50mg tablets 8 tablet,8.0,428673006.0,VMP,,1,,,,1,,,Sildenafil 50mg tablets,,,,,,,1,,1.0,428673006.0,428673006.0,2023-07-21,326714007.0,777527007.0,VTM,,,Sildenafil,2023-02-06,109123009.0,Sildenafil citrate 50.0 nan,,,Bristol Laboratories Ltd
AMPP,4745711000001109,8934211000001106,,1.0,2021-05-10,,2,Loratadine 5mg/5ml oral solution (A A H Pharmaceuticals Ltd) 120 ml,,5349611000001107,AMP,,1,,Loratadine 5mg/5ml oral solution (A A H Pharmaceuticals Ltd),,,,1,,,,Loratadine 5mg/5ml oral solution,,,,3144701000001104,38896711000001106,VMPP,,Loratadine 5mg/5ml oral solution 120 ml,120.0,258773002.0,VMP,,1,,,,1,,,Loratadine 5mg/5ml oral solution,,,,,,,1,,5.0,258773002.0,733015007.0,2020-08-19,320824000.0,776572007.0,VTM,,,Loratadine,2023-02-06,108652002.0,Loratadine 1.0 nan,,2008-01-11,A A H Pharmaceuticals Ltd
AMPP,5448611000001105,5448811000001109,,1.0,2006-09-04,,3,Glimepiride 1mg tablets (Dowelhurst Ltd) 30 tablet,,1172511000001105,AMP,,9,,Glimepiride 1mg tablets (Dowelhurst Ltd),,,,1,,,,Glimepiride 1mg tablets,2006-12-15,Glimepiride 1mg tablets (PI),1.0,5283211000001105,42083011000001108,VMPP,,Glimepiride 1mg tablets 30 tablet,30.0,428673006.0,VMP,,1,,,,1,,,Glimepiride 1mg tablets,,,,,,,1,,1.0,428673006.0,428673006.0,2023-07-21,325261003.0,776109009.0,VTM,,,Glimepiride,2023-02-06,109079009.0,Glimepiride 1.0 nan,,,Dowelhurst Ltd
AMPP,27434711000001105,27434811000001102,,1.0,2018-06-01,,4,Haddenham Veni class 3 (34-46mmHg) thigh length open toe with grip top lymphoedema garment extra wide short size II Sahara (Haddenham Healthcare Ltd) 2 device,,33018611000001104,AMP,,9,,Haddenham Veni class 3 (34-46mmHg) thigh length open toe with grip top lymphoedema garment extra wide short size II Sahara (Haddenham Healthcare Ltd),,,,2,,,,Haddenham Veni class 3 (34-46mmHg) thigh length open toe with grip top lymphoedema garment extra wide short size II,,,,14063811000001106,33508311000001109,VMPP,,Lymphoedema garments thigh length open toe with top/band/border 2 device,2.0,3318711000001107.0,VMP,,7,,,,3,,,Lymphoedema garments thigh length open toe with top/band/border,,,,,,,4,,,,,,,,,,,,,,,,,Haddenham Healthcare Ltd
AMPP,17785711000001109,17786011000001103,,,,,3,Aspirin 75mg dispersible tablets (Phoenix Healthcare Distribution Ltd) 1000 tablet,,1269911000001102,AMP,,1,,Aspirin 75mg dispersible tablets (Phoenix Healthcare Distribution Ltd),,,,1,,,,Aspirin 75mg dispersible tablets,,,,17845311000001104,42291811000001106,VMPP,,Aspirin 75mg dispersible tablets 1000 tablet,1000.0,428673006.0,VMP,,2,,,,1,,,Aspirin 75mg dispersible tablets,,,,,,,1,,1.0,428673006.0,428673006.0,2023-09-29,319773006.0,774656009.0,VTM,,,Aspirin,2023-02-06,7947003.0,Aspirin 75.0 nan,,2022-06-17,Phoenix Healthcare Distribution Ltd
AMPP,31430711000001100,31430811000001108,,,,,4,Juzo Inspiration class 2 (23-32mmHg) below knee closed toe with silicone top band lymphoedema garment extra short size II Poppy seed (Juzo UK Ltd) 2 device,,33001711000001100,AMP,,1,,Juzo Inspiration class 2 (23-32mmHg) below knee closed toe with silicone top band lymphoedema garment extra short size II Poppy seed (Juzo UK Ltd),,,,2,,,,Juzo Inspiration class 2 (23-32mmHg) below knee closed toe with silicone top band lymphoedema garment extra short size II,2018-10-01,Juzo Attractive class 2 (23-32mmHg) below knee closed toe with silicone top band lymphoedema garment extra short size II,,11473311000001109,33502011000001108,VMPP,,Lymphoedema garments below knee closed toe with silicone top/band/border 2 device,2.0,3318711000001107.0,VMP,,7,,,,3,,,Lymphoedema garments below knee closed toe with silicone top/band/border,,,,,,,4,,,,,,,,,,,,,,,,,Juzo UK Ltd
AMPP,26528311000001105,26528511000001104,,1.0,2018-04-01,,4,Haddenham Veni class 2 (23-32mmHg) below knee closed toe lymphoedema garment extra wide short size III White (Haddenham Healthcare Ltd) 2 device,,33001311000001104,AMP,,9,,Haddenham Veni class 2 (23-32mmHg) below knee closed toe lymphoedema garment extra wide short size III White (Haddenham Healthcare Ltd),,,,2,,,,Haddenham Veni class 2 (23-32mmHg) below knee closed toe lymphoedema garment extra wide short size III,,,,14063811000001106,33501811000001106,VMPP,,Lymphoedema garments below knee closed toe 2 device,2.0,3318711000001107.0,VMP,,7,,,,3,,,Lymphoedema garments below knee closed toe,,,,,,,4,,,,,,,,,,,,,,,,,Haddenham Healthcare Ltd
AMPP,10472411000001104,13103011000001107,,1.0,2010-05-04,,3,Cardicor 1.25mg tablets (Dowelhurst Ltd) 28 tablet,,1177911000001101,AMP,,9,,Cardicor 1.25mg tablets (Dowelhurst Ltd),,,,1,,,,Cardicor 1.25mg tablets,2006-12-15,Cardicor 1.25mg tablets (PI),1.0,5283211000001105,42371111000001100,VMPP,,Bisoprolol 1.25mg tablets 28 tablet,28.0,428673006.0,VMP,,1,,,,1,,,Bisoprolol 1.25mg tablets,,,,,,,1,,1.0,428673006.0,428673006.0,2023-10-27,318604001.0,774880006.0,VTM,,,Bisoprolol,2023-02-06,108547003.0,Bisoprolol fumarate 1.25 nan,,,Dowelhurst Ltd
AMPP,21815011000001109,21815111000001105,,1.0,2022-10-01,,4,Aquacel Ag Extra dressing 20cm x 30cm rectangular (ConvaTec Ltd) 1 dressing,,10235111000001103,AMP,,9,,Aquacel Ag Extra dressing 20cm x 30cm rectangular (ConvaTec Ltd),,,,2,,,,Aquacel Ag Extra dressing 20cm x 30cm rectangular,,,,2268701000001107,10246111000001108,VMPP,,Sodium carboxymethylcellulose with silver dressing 20cm x 30cm rectangular 1 dressing,1.0,3320111000001103.0,VMP,,7,,,,3,,,Sodium carboxymethylcellulose with silver dressing 20cm x 30cm rectangular,,,,,,,4,,,,,,,,,,,,,,,,,ConvaTec Ltd
AMPP,41104311000001104,41104411000001106,,,,,4,SensaCath hydrophilic catheter male Tiemann tip 16Ch PSCT16 (Clinisupplies Ltd) 30 catheter,,7175311000001108,AMP,,1,,SensaCath hydrophilic catheter male Tiemann tip 16Ch PSCT16 (Clinisupplies Ltd),,,,2,,,,SensaCath hydrophilic catheter male Tiemann tip 16Ch,,,,4816911000001106,7290411000001101,VMPP,,Nelaton catheter male 16Ch 30 catheter,30.0,3319911000001101.0,VMP,,7,,,,3,,,Nelaton catheter male 16Ch,,,,,,,4,,,,,,,,,,,,,,,,,Clinisupplies Ltd
AMPP,37525111000001103,37525311000001101,,1.0,2020-02-29,,3,Januvia 25mg tablets (Mawdsley-Brooks & Company Ltd) 28 tablet,,20115011000001105,AMP,,9,,Januvia 25mg tablets (Mawdsley-Brooks & Company Ltd),,,,1,,,,Januvia 25mg tablets,,,1.0,15125811000001100,42089811000001100,VMPP,,Sitagliptin 25mg tablets 28 tablet,28.0,428673006.0,VMP,,1,,,,1,,,Sitagliptin 25mg tablets,,,,,,,1,,1.0,428673006.0,428673006.0,2023-07-21,423962004.0,777541003.0,VTM,,,Sitagliptin,2023-02-06,424106006.0,Sitagliptin 25.0 nan,,,Mawdsley-Brooks & Company Ltd
AMPP,7521011000001104,30836511000001107,,1.0,2023-10-17,,3,Dipeptiven 10g/50ml concentrate for solution for infusion bottles (Fresenius Kabi Ltd) 10 bottle,,30836411000001108,AMP,Dipeptiven 10g/50ml concentrate for inf bottles,9,,Dipeptiven 10g/50ml concentrate for solution for infusion bottles (Fresenius Kabi Ltd),,,,1,,,,Dipeptiven 10g/50ml concentrate for solution for infusion bottles,2008-07-16,Dipeptiven 10g/50ml solution for injection bottles,,3515701000001104,7520811000001102,VMPP,,L-alanyl-l-glutamine 10g/50ml solution for infusion bottles 10 bottle,10.0,419672006.0,VMP,,7,7.0,,,1,,,L-alanyl-l-glutamine 10g/50ml solution for infusion bottles,4.0,2010-02-12,L-alanyl-l-glutamine 10g/50ml solution for injection bottles,1.0,2023-10-17,,1,,50.0,258773002.0,419672006.0,,,774447008.0,VTM,,,L-alanyl-l-glutamine,2024-12-17,4.27790110000011e+16,N(2)-L-alanyl-L-glutamine 200.0 nan,,2012-10-17,Fresenius Kabi Ltd
AMPP,42287211000001104,42287311000001107,,,,,3,Gepretix 100mg capsules (Exeltis UK Ltd) 30 capsule 2 x 15 capsules,2 x 15 capsules,11758811000001100,AMP,,1,,Gepretix 100mg capsules (Exeltis UK Ltd),,,,1,,,,Gepretix 100mg capsules,,,,40599211000001108,11763511000001102,VMPP,,Progesterone micronised 100mg capsules 30 capsule,30.0,428641000.0,VMP,,1,,,,1,,,Progesterone micronised 100mg capsules,,,,0.0,2013-01-16,,1,,1.0,428641000.0,428641000.0,,,777325000.0,VTM,,,Progesterone,2023-02-06,50318003.0,Progesterone 100.0 nan,,,Exeltis UK Ltd
AMPP,4259911000001102,4260011000001100,,1.0,2022-05-16,,4,Super Betavit 15mg capsules (Health+Plus Ltd) 30 capsule,,4258211000001101,AMP,,9,,Super Betavit 15mg capsules (Health+Plus Ltd),,,,0,,,,Super Betavit 15mg capsules,,,,4264111000001108,4262811000001107,VMPP,,Betacarotene 15mg capsules 30 capsule,30.0,428641000.0,VMP,,1,,,,1,,,Betacarotene 15mg capsules,,,,,,,1,,1.0,428641000.0,428641000.0,,,774835005.0,VTM,,,Betacarotene,2023-02-06,329507006.0,Betacarotene 15.0 nan,,,Health+Plus Ltd
AMPP,16858011000001106,16858211000001101,,,,,4,Altiven class 2 (23-32mmHg) thigh length open toe lymphoedema garment extra wide regular size II Soft beige (Altimed Ltd) 2 device,,33018411000001102,AMP,,1,,Altiven class 2 (23-32mmHg) thigh length open toe lymphoedema garment extra wide regular size II Soft beige (Altimed Ltd),,,,2,,,,Altiven class 2 (23-32mmHg) thigh length open toe lymphoedema garment extra wide regular size II,,,,10727211000001109,33508111000001107,VMPP,,Lymphoedema garments thigh length open toe 2 device,2.0,3318711000001107.0,VMP,,7,,,,3,,,Lymphoedema garments thigh length open toe,,,,,,,4,,,,,,,,,,,,,,,,,Altimed Ltd
AMPP,42868511000001107,42869011000001109,,,,,2,Clotrimazole 500mg pessaries (RX Farma) 1 pessary,,976011000001101,AMP,,1,,Clotrimazole 500mg pessaries (RX Farma),,,,1,,,,Clotrimazole 500mg pessaries,,,,9447011000001108,39705811000001105,VMPP,,Clotrimazole 500mg pessaries 1 pessary,1.0,733007009.0,VMP,,1,,,,1,,,Clotrimazole 500mg pessaries,,,,,,,1,,1.0,733007009.0,733007009.0,2021-05-26,326218006.0,775319000.0,VTM,,,Clotrimazole,2023-02-06,5797005.0,Clotrimazole 500.0 nan,,2023-06-06,RX Farma
AMPP,15083611000001102,15083711000001106,,,,,3,Ethambutol 400mg tablets (Sigma Pharmaceuticals Plc) 56 tablet,,3667211000001109,AMP,,1,,Ethambutol 400mg tablets (Sigma Pharmaceuticals Plc),,,,1,,,,Ethambutol 400mg tablets,,,,2087601000001106,41949611000001100,VMPP,,Ethambutol 400mg tablets 56 tablet,56.0,428673006.0,VMP,,1,,,,1,,,Ethambutol 400mg tablets,,,,,,,1,,1.0,428673006.0,428673006.0,2023-06-09,324467008.0,775855004.0,VTM,,,Ethambutol,2023-02-06,24450004.0,Ethambutol hydrochloride 400.0 nan,,,Sigma Pharmaceuticals Plc
AMPP,35171111000001107,35171211000001101,,,,,4,Aymes Shake powder 57g sachets (Flavour Not Specified) 7 sachet,,35169011000001100,AMP,,1,,Aymes Shake powder 57g sachets (Flavour Not Specified),,,,0,,,,Aymes Shake powder 57g sachets,,,,21014611000001102,35194211000001109,VMPP,,Generic Aymes Shake powder 7 sachet,7.0,733013000.0,VMP,,7,7.0,,,3,1.0,,Generic Aymes Shake powder,,2018-10-22,Generic Aymes Shake powder 57g sachets,,,,4,,,,,,,,,,,,,,,,,Flavour Not Specified
AMPP,43200111000001101,43200911000001103,,,,,3,Lacosamide 10mg/ml oral solution sugar free (Flynn Pharma Ltd) 200 ml,,19810911000001106,AMP,,1,,Lacosamide 10mg/ml oral solution sugar free (Flynn Pharma Ltd),,,,1,,,,Lacosamide 10mg/ml oral solution sugar free,,,,3303501000001106,19821611000001100,VMPP,,Lacosamide 10mg/ml oral solution sugar free 200 ml,200.0,258773002.0,VMP,,1,,,,2,,,Lacosamide 10mg/ml oral solution sugar free,,,,,,,1,1.0,,,,,,776457006.0,VTM,,,Lacosamide,2023-02-06,441532003.0,Lacosamide 10.0 nan,,2008-01-11,Flynn Pharma Ltd
AMPP,28027511000001107,28027611000001106,,,,,4,Juzo Soft custom fit class 1 (18-21mmHg) thigh length open toe with silicone top band lymphoedema garment Sesame (Juzo UK Ltd) 1 device,,33015411000001107,AMP,,1,,Juzo Soft custom fit class 1 (18-21mmHg) thigh length open toe with silicone top band lymphoedema garment Sesame (Juzo UK Ltd),,,,2,,,,Juzo Soft custom fit class 1 (18-21mmHg) thigh length open toe with silicone top band lymphoedema garment,2015-12-01,Juzo Soft class 1 (18-21mmHg) made to measure thigh length open toe with silicone top band lymphoedema garment,,11473311000001109,33506811000001101,VMPP,,Lymphoedema garments made to measure thigh length open toe with silicone top/band/border 1 device,1.0,3318711000001107.0,VMP,,7,,,,3,,,Lymphoedema garments made to measure thigh length open toe with silicone top/band/border,,,,,,,4,,,,,,,,,,,,,,,,,Juzo UK Ltd
AMPP,10437611000001100,10437811000001101,,,,,3,Indapamide 2.5mg tablets (Niche Generics Ltd) 28 tablet 2 x 14 tablets,2 x 14 tablets,1171411000001101,AMP,,1,,Indapamide 2.5mg tablets (Niche Generics Ltd),,,,1,,,,Indapamide 2.5mg tablets,,,,3863001000001104,39696211000001108,VMPP,,Indapamide 2.5mg tablets 28 tablet,28.0,428673006.0,VMP,,1,,,,1,,,Indapamide 2.5mg tablets,,,,,,,1,,1.0,428673006.0,428673006.0,2021-05-26,317956008.0,776319007.0,VTM,,,Indapamide,2023-02-06,74213004.0,Indapamide hemihydrate 2.5 nan,,,Niche Generics Ltd
AMPP,22978311000001103,22978411000001105,,,,,4,Juzo Dynamic class 3 (34-46mmHg) thigh length open toe with silicone top band lymphoedema garment standard size III Black pepper (Juzo UK Ltd) 2 device,,33018511000001103,AMP,,1,,Juzo Dynamic class 3 (34-46mmHg) thigh length open toe with silicone top band lymphoedema garment standard size III Black pepper (Juzo UK Ltd),,,,2,,,,Juzo Dynamic class 3 (34-46mmHg) thigh length open toe with silicone top band lymphoedema garment standard size III,,,,11473311000001109,33508211000001101,VMPP,,Lymphoedema garments thigh length open toe with silicone top/band/border 2 device,2.0,3318711000001107.0,VMP,,7,,,,3,,,Lymphoedema garments thigh length open toe with silicone top/band/border,,,,,,,4,,,,,,,,,,,,,,,,,Juzo UK Ltd
AMPP,30844311000001108,30844411000001101,,1.0,2020-02-29,,2,Paracetamol 500mg capsules (Mawdsley-Brooks & Company Ltd) 32 capsule,,1305811000001101,AMP,,9,,Paracetamol 500mg capsules (Mawdsley-Brooks & Company Ltd),,,,1,,,,Paracetamol 500mg capsules,,,,15125811000001100,42109411000001106,VMPP,,Paracetamol 500mg capsules 32 capsule,32.0,428641000.0,VMP,,1,,,,1,,,Paracetamol 500mg capsules,,,,,,,1,,1.0,428641000.0,428641000.0,2023-07-28,322280009.0,777067000.0,VTM,,,Paracetamol,2023-02-06,90332006.0,Paracetamol 500.0 nan,,,Mawdsley-Brooks & Company Ltd
