concept_id_1,concept_name_1,predicted_concept_id_2,predicted_concept_name_2,predicted_concept_code_2,attribute_category
22274,Neoplasm of uncertain behavior of larynx,4313421,Neoplasm of uncertain behavior,,Has asso morph
22274,Neoplasm of uncertain behavior of larynx,4262229,Laryngeal structure,,Has finding site
22288,Hereditary elliptocytosis,4259404,Elliptocyte,,Has asso morph
22288,Hereditary elliptocytosis,4218976,Erythrocyte,,Has finding site
22288,Hereditary elliptocytosis,4224294,Hemolysis,,Has interprets
22288,Hereditary elliptocytosis,4181412,Present,,Has interpretation
22288,Hereditary elliptocytosis,4030871,Red blood cell count,,Has interprets
22288,Hereditary elliptocytosis,4083207,Below reference range,,Has interpretation
22288,Hereditary elliptocytosis,40480067,Measurement of total hemoglobin concentration,,Has interprets
22288,Hereditary elliptocytosis,4083207,Below reference range,,Has interpretation
22288,Hereditary elliptocytosis,4116830,Congenital,,Has occurrence
22288,Hereditary elliptocytosis,4204670,Pathological developmental process,,Has pathology
22350,Edema of larynx,4196943,Edema,,Has asso morph
22350,Edema of larynx,4262229,Laryngeal structure,,Has finding site
22492,Foreign body in pharynx,4078373,Foreign body,,Has asso morph
22492,Foreign body in pharynx,4207370,Pharyngeal structure,,Has finding site
22557,Malignant tumor of submandibular gland,37153816,Malignant neoplasm,,Has asso morph
22557,Malignant tumor of submandibular gland,4282379,Malignant Neoplasm (Morphology),,Has asso morph
22557,Malignant tumor of submandibular gland,4299196,Submandibular salivary gland structure,,Has finding site
22665,Chronic peptic ulcer with hemorrhage AND with perforation but without obstruction,4239211,Perforated ulcer,,Has asso morph
22665,Chronic peptic ulcer with hemorrhage AND with perforation but without obstruction,4243483,Chronic bleeding ulcer,,Has asso morph
22665,Chronic peptic ulcer with hemorrhage AND with perforation but without obstruction,4200674,Stomach and/or duodenal structures,,Has finding site
22665,Chronic peptic ulcer with hemorrhage AND with perforation but without obstruction,4271189,Upper gastrointestinal tract structure,,Has finding site
22665,Chronic peptic ulcer with hemorrhage AND with perforation but without obstruction,4236661,Chronic,,Has clinical course
22666,Vomiting after gastrointestinal tract surgery,4046957,Gastrointestinal tract structure,,Has finding site
22722,Accessory salivary gland,4238909,Supernumerary structure,,Has asso morph
22722,Accessory salivary gland,4294042,Salivary gland structure,,Has finding site
22722,Accessory salivary gland,4116830,Congenital,,Has occurrence
22722,Accessory salivary gland,4204670,Pathological developmental process,,Has pathology
22820,Tuberculosis of esophagus,4269928,Granulomatous inflammation,,Has asso morph
22820,Tuberculosis of esophagus,4140098,Esophageal structure,,Has finding site
22820,Tuberculosis of esophagus,4035081,Mycobacterium tuberculosis complex,,Has causative agent
22820,Tuberculosis of esophagus,40480911,Infectious process,,Has pathology
22871,Neoplasm of uncertain behavior of pineal gland,4313421,Neoplasm of uncertain behavior,,Has asso morph
22871,Neoplasm of uncertain behavior of pineal gland,4164136,Pineal structure,,Has finding site
22955,Perforation of esophagus,4263947,Perforation,,Has asso morph
22955,Perforation of esophagus,4140098,Esophageal structure,,Has finding site
23034,Neonatal hypoglycemia,4034504,Structure of endocrine system,,Has finding site
23034,Neonatal hypoglycemia,4202143,Blood glucose concentration,,Has interprets
23034,Neonatal hypoglycemia,4083207,Below reference range,,Has interpretation
23034,Neonatal hypoglycemia,4114528,Neonatal,,Has occurrence
23137,Chlamydial pharyngitis,4053015,Inflammation,,Has asso morph
23137,Chlamydial pharyngitis,4207370,Pharyngeal structure,,Has finding site
23137,Chlamydial pharyngitis,4274488,Chlamydia trachomatis,,Has causative agent
23137,Chlamydial pharyngitis,40480911,Infectious process,,Has pathology
23164,Disorder of anterior pituitary,4270353,Adenohypophysis structure,,Has finding site
23220,Chronic tonsillitis,4253009,Chronic inflammatory morphology,,Has asso morph
23220,Chronic tonsillitis,4327174,Palatine tonsillar structure,,Has finding site
23220,Chronic tonsillitis,4236661,Chronic,,Has clinical course
23237,Acute peptic ulcer with hemorrhage AND obstruction,4164431,Acute bleeding ulcer,,Has asso morph
23237,Acute peptic ulcer with hemorrhage AND obstruction,4093906,Obstruction,,Has asso morph
23237,Acute peptic ulcer with hemorrhage AND obstruction,4271189,Upper gastrointestinal tract structure,,Has finding site
23237,Acute peptic ulcer with hemorrhage AND obstruction,4312510,Sudden onset AND/OR short duration,,Has clinical course
23245,Esophageal bleeding,4179955,Hemorrhage,,Has asso morph
23245,Esophageal bleeding,4140098,Esophageal structure,,Has finding site
23247,Chronic peptic ulcer with perforation but without obstruction,4233476,Chronic ulcer,,Has asso morph
23247,Chronic peptic ulcer with perforation but without obstruction,4239211,Perforated ulcer,,Has asso morph
23247,Chronic peptic ulcer with perforation but without obstruction,4271189,Upper gastrointestinal tract structure,,Has finding site
23247,Chronic peptic ulcer with perforation but without obstruction,4236661,Chronic,,Has clinical course
23304,Neck webbing,4295289,Congenital webbing,,Has asso morph
23304,Neck webbing,4182739,Skin structure of neck,,Has finding site
23304,Neck webbing,4116830,Congenital,,Has occurrence
23304,Neck webbing,4204670,Pathological developmental process,,Has pathology
23567,Branchial cleft cyst,37206155,Branchial cyst,,Has asso morph
23567,Branchial cleft cyst,4300167,Structure of head and/or neck,,Has finding site
23567,Branchial cleft cyst,4116830,Congenital,,Has occurrence
23567,Branchial cleft cyst,4204670,Pathological developmental process,,Has pathology
23653,Foreign body in esophagus,4078373,Foreign body,,Has asso morph
23653,Foreign body in esophagus,4140098,Esophageal structure,,Has finding site
23731,Benign neoplasm of larynx,4305589,"Neoplasm, benign",,Has asso morph
23731,Benign neoplasm of larynx,4262229,Laryngeal structure,,Has finding site
23798,Acute laryngopharyngitis,4163835,Acute inflammation,,Has asso morph
23798,Acute laryngopharyngitis,4194306,Pharynx and/or larynx structures,,Has finding site
23798,Acute laryngopharyngitis,4312510,Sudden onset AND/OR short duration,,Has clinical course
23806,Atrophy of salivary gland,4028206,Atrophy,,Has asso morph
23806,Atrophy of salivary gland,4294042,Salivary gland structure,,Has finding site
23808,"Chronic peptic ulcer without hemorrhage, without perforation AND without obstruction",4233476,Chronic ulcer,,Has asso morph
23808,"Chronic peptic ulcer without hemorrhage, without perforation AND without obstruction",4271189,Upper gastrointestinal tract structure,,Has finding site
23808,"Chronic peptic ulcer without hemorrhage, without perforation AND without obstruction",4236661,Chronic,,Has clinical course
23865,Congenital anomaly of pharynx,4175951,Morphologically abnormal structure,,Has asso morph
23865,Congenital anomaly of pharynx,4207370,Pharyngeal structure,,Has finding site
23865,Congenital anomaly of pharynx,4116830,Congenital,,Has occurrence
23865,Congenital anomaly of pharynx,4204670,Pathological developmental process,,Has pathology
23868,Congenital anomaly of esophagus,4175951,Morphologically abnormal structure,,Has asso morph
23868,Congenital anomaly of esophagus,4140098,Esophageal structure,,Has finding site
23868,Congenital anomaly of esophagus,4116830,Congenital,,Has occurrence
23868,Congenital anomaly of esophagus,4204670,Pathological developmental process,,Has pathology
23986,Disorder of pituitary gland,4209428,Pituitary structure,,Has finding site
24076,Chronic peptic ulcer with hemorrhage AND obstruction,4243483,Chronic bleeding ulcer,,Has asso morph
24076,Chronic peptic ulcer with hemorrhage AND obstruction,4093906,Obstruction,,Has asso morph
24076,Chronic peptic ulcer with hemorrhage AND obstruction,4271189,Upper gastrointestinal tract structure,,Has finding site
24076,Chronic peptic ulcer with hemorrhage AND obstruction,4236661,Chronic,,Has clinical course
24134,Neck pain,4260843,Neck structure,,Has finding site
24148,Congenital diverticulum of pharynx,4218881,Congenital diverticulum,,Has asso morph
24148,Congenital diverticulum of pharynx,4207370,Pharyngeal structure,,Has finding site
24148,Congenital diverticulum of pharynx,4116830,Congenital,,Has occurrence
24148,Congenital diverticulum of pharynx,4204670,Pathological developmental process,,Has pathology
24198,Contusion of esophagus,4203279,Contusion - lesion,,Has asso morph
24198,Contusion of esophagus,4140098,Esophageal structure,,Has finding site
24230,Foreign body in larynx,4078373,Foreign body,,Has asso morph
24230,Foreign body in larynx,4262229,Laryngeal structure,,Has finding site
24296,Primary malignant neoplasm of pituitary gland,4312326,"Neoplasm, malignant (primary)",,Has asso morph
24296,Primary malignant neoplasm of pituitary gland,4209428,Pituitary structure,,Has finding site
24296,Primary malignant neoplasm of pituitary gland,37157802,Primary malignant neoplastic proliferation,,Has pathology
24397,"Chronic peptic ulcer with hemorrhage, with perforation AND with obstruction",4239211,Perforated ulcer,,Has asso morph
24397,"Chronic peptic ulcer with hemorrhage, with perforation AND with obstruction",4243483,Chronic bleeding ulcer,,Has asso morph
24397,"Chronic peptic ulcer with hemorrhage, with perforation AND with obstruction",4093906,Obstruction,,Has asso morph
24397,"Chronic peptic ulcer with hemorrhage, with perforation AND with obstruction",4271189,Upper gastrointestinal tract structure,,Has finding site
24397,"Chronic peptic ulcer with hemorrhage, with perforation AND with obstruction",4236661,Chronic,,Has clinical course
24602,Benign neoplasm of esophagus,4305589,"Neoplasm, benign",,Has asso morph
24602,Benign neoplasm of esophagus,4140098,Esophageal structure,,Has finding site
24660,Acute tonsillitis,4163835,Acute inflammation,,Has asso morph
24660,Acute tonsillitis,4327174,Palatine tonsillar structure,,Has finding site
24660,Acute tonsillitis,4312510,Sudden onset AND/OR short duration,,Has clinical course
24818,Injury of neck,4078068,Traumatic abnormality,,Has asso morph
24818,Injury of neck,4260843,Neck structure,,Has finding site
24884,Benign neoplasm of carotid body,4305589,"Neoplasm, benign",,Has asso morph
24884,Benign neoplasm of carotid body,4197418,Carotid body structure,,Has finding site
24897,Carcinoma in situ of larynx,37156895,Carcinoma in situ,,Has asso morph
24897,Carcinoma in situ of larynx,4266173,Carcinoma in situ - category,,Has asso morph
24897,Carcinoma in situ of larynx,4262229,Laryngeal structure,,Has finding site
24966,Esophageal varices,4029830,Varix,,Has asso morph
24966,Esophageal varices,4237655,Structure of esophageal vein,,Has finding site
24969,Laryngitis,4053015,Inflammation,,Has asso morph
24969,Laryngitis,4262229,Laryngeal structure,,Has finding site
24970,Chronic laryngitis,4253009,Chronic inflammatory morphology,,Has asso morph
24970,Chronic laryngitis,4262229,Laryngeal structure,,Has finding site
24970,Chronic laryngitis,4236661,Chronic,,Has clinical course
24973,Chronic peptic ulcer without hemorrhage AND without perforation but with obstruction,4233476,Chronic ulcer,,Has asso morph
24973,Chronic peptic ulcer without hemorrhage AND without perforation but with obstruction,4093906,Obstruction,,Has asso morph
24973,Chronic peptic ulcer without hemorrhage AND without perforation but with obstruction,37304196,Structure of lumen of upper gastrointestinal tract,,Has finding site
24973,Chronic peptic ulcer without hemorrhage AND without perforation but with obstruction,4271189,Upper gastrointestinal tract structure,,Has finding site
24973,Chronic peptic ulcer without hemorrhage AND without perforation but with obstruction,4236661,Chronic,,Has clinical course
24974,Stenosis of larynx,4217691,Stenosis,,Has asso morph
24974,Stenosis of larynx,4262229,Laryngeal structure,,Has finding site
24977,Mucocele of salivary gland,37154186,Mucous retention cyst,,Has asso morph
24977,Mucocele of salivary gland,4294042,Salivary gland structure,,Has finding site
24978,Chronic adenotonsillitis,4253009,Chronic inflammatory morphology,,Has asso morph
24978,Chronic adenotonsillitis,4123604,Tonsil and adenoid structure,,Has finding site
24978,Chronic adenotonsillitis,4236661,Chronic,,Has clinical course
25056,Congenital anomaly of neck,4175951,Morphologically abnormal structure,,Has asso morph
25056,Congenital anomaly of neck,4260843,Neck structure,,Has finding site
25056,Congenital anomaly of neck,4116830,Congenital,,Has occurrence
25056,Congenital anomaly of neck,4204670,Pathological developmental process,,Has pathology
25068,Branchial cleft sinus and fistula,37206157,Branchial sinus,,Has asso morph
25068,Branchial cleft sinus and fistula,37206156,Branchial fistula,,Has asso morph
25068,Branchial cleft sinus and fistula,4300167,Structure of head and/or neck,,Has finding site
25068,Branchial cleft sinus and fistula,4116830,Congenital,,Has occurrence
25068,Branchial cleft sinus and fistula,4204670,Pathological developmental process,,Has pathology
25189,Malignant tumor of oral cavity,37153816,Malignant neoplasm,,Has asso morph
25189,Malignant tumor of oral cavity,4253672,Oral cavity structure,,Has finding site
25211,Iatrogenic pituitary disorder,4112696,Entire pituitary gland,,Has finding site
25297,Acute pharyngitis,4163835,Acute inflammation,,Has asso morph
25297,Acute pharyngitis,4207370,Pharyngeal structure,,Has finding site
25297,Acute pharyngitis,4312510,Sudden onset AND/OR short duration,,Has clinical course
25486,Primary malignant neoplasm of islets of Langerhans,1242315,Malignant neuroendocrine neoplasm,,Has asso morph
25486,Primary malignant neoplasm of islets of Langerhans,4301372,Endocrine pancreatic structure,,Has finding site
25486,Primary malignant neoplasm of islets of Langerhans,37157802,Primary malignant neoplastic proliferation,,Has pathology
25572,Disorder of salivary gland,4294042,Salivary gland structure,,Has finding site
25582,Tracheoesophageal fistula,4053885,Internal fistula,,Has asso morph
25582,Tracheoesophageal fistula,4195956,Tracheal structure,,Has finding site
25582,Tracheoesophageal fistula,4140098,Esophageal structure,,Has finding site
25698,Complication of transplanted pancreas,36717084,Structure of transplanted pancreas,,Has finding site
25748,Overlapping malignant neoplasm of esophagus,4312326,"Neoplasm, malignant (primary)",,Has asso morph
25748,Overlapping malignant neoplasm of esophagus,37153816,Malignant neoplasm,,Has asso morph
25748,Overlapping malignant neoplasm of esophagus,4140098,Esophageal structure,,Has finding site
25757,Primary malignant neoplasm of aortic body,4312326,"Neoplasm, malignant (primary)",,Has asso morph
25757,Primary malignant neoplasm of aortic body,37153816,Malignant neoplasm,,Has asso morph
25757,Primary malignant neoplasm of aortic body,4327482,Aortic body,,Has finding site
25757,Primary malignant neoplasm of aortic body,37157802,Primary malignant neoplastic proliferation,,Has pathology
25780,Pituitary dwarfism,4278907,Entire distal part of pituitary,,Has finding site
25780,Pituitary dwarfism,4154781,Height / growth measure,,Has interprets
25780,Pituitary dwarfism,4083207,Below reference range,,Has interpretation
25780,Pituitary dwarfism,4204670,Pathological developmental process,,Has pathology
25844,Ulcer of esophagus,4206914,Ulcer,,Has asso morph
25844,Ulcer of esophagus,4140098,Esophageal structure,,Has finding site
26052,Primary malignant neoplasm of larynx,4312326,"Neoplasm, malignant (primary)",,Has asso morph
26052,Primary malignant neoplasm of larynx,37153816,Malignant neoplasm,,Has asso morph
26052,Primary malignant neoplasm of larynx,4262229,Laryngeal structure,,Has finding site
26052,Primary malignant neoplasm of larynx,37157802,Primary malignant neoplastic proliferation,,Has pathology
26060,Benign neoplasm of tonsil,4305589,"Neoplasm, benign",,Has asso morph
26060,Benign neoplasm of tonsil,4327174,Palatine tonsillar structure,,Has finding site
26069,Postablative testicular hypofunction,4122979,Testicular endocrine structure,,Has finding site
26069,Postablative testicular hypofunction,4146194,Hormone production,,Has interprets
26069,Postablative testicular hypofunction,4053347,Decreased,,Has interpretation
26141,Barrett's esophagus with esophagitis,4239525,Intestinal metaplasia,,Has asso morph
26141,Barrett's esophagus with esophagitis,4053015,Inflammation,,Has asso morph
26141,Barrett's esophagus with esophagitis,4281852,Structure of lower third of esophagus,,Has finding site
26141,Barrett's esophagus with esophagitis,4218887,Esophageal mucous membrane structure,,Has finding site
26213,Congenital salivary gland fistula,4220792,Congenital fistula,,Has asso morph
26213,Congenital salivary gland fistula,4294042,Salivary gland structure,,Has finding site
26213,Congenital salivary gland fistula,4116830,Congenital,,Has occurrence
26213,Congenital salivary gland fistula,4204670,Pathological developmental process,,Has pathology
26286,Burn of neck,4168004,Burn injury,,Has asso morph
26286,Burn of neck,4260843,Neck structure,,Has finding site
26361,Primary malignant neoplasm of pineal gland,4312326,"Neoplasm, malignant (primary)",,Has asso morph
26361,Primary malignant neoplasm of pineal gland,4164136,Pineal structure,,Has finding site
26361,Primary malignant neoplasm of pineal gland,37157802,Primary malignant neoplastic proliferation,,Has pathology
26378,Hyperpituitarism,4270353,Adenohypophysis structure,,Has finding site
26378,Hyperpituitarism,4146194,Hormone production,,Has interprets
26378,Hyperpituitarism,4146067,Increased,,Has interpretation
26441,Bleeding ulcer of esophagus,4208270,Bleeding ulcer,,Has asso morph
26441,Bleeding ulcer of esophagus,4179955,Hemorrhage,,Has asso morph
26441,Bleeding ulcer of esophagus,4140098,Esophageal structure,,Has finding site
26459,Acute esophagitis,4053015,Inflammation,,Has asso morph
26459,Acute esophagitis,4140098,Esophageal structure,,Has finding site
26459,Acute esophagitis,4191741,Acute onset,,Has clinical course
26638,Primary malignant neoplasm of esophagus,4312326,"Neoplasm, malignant (primary)",,Has asso morph
26638,Primary malignant neoplasm of esophagus,37153816,Malignant neoplasm,,Has asso morph
26638,Primary malignant neoplasm of esophagus,4140098,Esophageal structure,,Has finding site
26638,Primary malignant neoplasm of esophagus,37157802,Primary malignant neoplastic proliferation,,Has pathology
26662,Testicular hypofunction,4122979,Testicular endocrine structure,,Has finding site
26662,Testicular hypofunction,4146194,Hormone production,,Has interprets
26662,Testicular hypofunction,4053347,Decreased,,Has interpretation
26711,Chronic pharyngitis,4253009,Chronic inflammatory morphology,,Has asso morph
26711,Chronic pharyngitis,4224657,Chronic inflammation,,Has asso morph
26711,Chronic pharyngitis,4207370,Pharyngeal structure,,Has finding site
26711,Chronic pharyngitis,4236661,Chronic,,Has clinical course
26718,Acute peptic ulcer with perforation AND obstruction,4096339,Acute ulcer,,Has asso morph
26718,Acute peptic ulcer with perforation AND obstruction,4239211,Perforated ulcer,,Has asso morph
26718,Acute peptic ulcer with perforation AND obstruction,4093906,Obstruction,,Has asso morph
26718,Acute peptic ulcer with perforation AND obstruction,4271189,Upper gastrointestinal tract structure,,Has finding site
26718,Acute peptic ulcer with perforation AND obstruction,4312510,Sudden onset AND/OR short duration,,Has clinical course
26719,Chronic laryngotracheitis,4253009,Chronic inflammatory morphology,,Has asso morph
26719,Chronic laryngotracheitis,4262229,Laryngeal structure,,Has finding site
26719,Chronic laryngotracheitis,4195956,Tracheal structure,,Has finding site
26719,Chronic laryngotracheitis,4236661,Chronic,,Has clinical course
26727,Hematemesis,4179955,Hemorrhage,,Has asso morph
26727,Hematemesis,4271189,Upper gastrointestinal tract structure,,Has finding site
26899,Tuberculous laryngitis,4269928,Granulomatous inflammation,,Has asso morph
26899,Tuberculous laryngitis,4324844,Structure of mucous membrane of larynx,,Has finding site
26899,Tuberculous laryngitis,4035081,Mycobacterium tuberculosis complex,,Has causative agent
26899,Tuberculous laryngitis,40480911,Infectious process,,Has pathology
26908,Vincent's angina,4217347,Acute necrotizing inflammation,,Has asso morph
26908,Vincent's angina,4165090,Acute ulcerative inflammation,,Has asso morph
26908,Vincent's angina,4327174,Palatine tonsillar structure,,Has finding site
26908,Vincent's angina,4139265,Fusobacterium nucleatum,,Has causative agent
26908,Vincent's angina,4171014,Treponema vincentii,,Has causative agent
26908,Vincent's angina,4312510,Sudden onset AND/OR short duration,,Has clinical course
26908,Vincent's angina,40480911,Infectious process,,Has pathology
26935,Disorder of endocrine testis,4122979,Testicular endocrine structure,,Has finding site
27235,Primary malignant neoplasm of carotid body,4312326,"Neoplasm, malignant (primary)",,Has asso morph
27235,Primary malignant neoplasm of carotid body,4197418,Carotid body structure,,Has finding site
27235,Primary malignant neoplasm of carotid body,37157802,Primary malignant neoplastic proliferation,,Has pathology
27438,Burn of esophagus,4168004,Burn injury,,Has asso morph
27438,Burn of esophagus,4140098,Esophageal structure,,Has finding site
27516,Neoplasm of uncertain behavior of paraganglia,4313421,Neoplasm of uncertain behavior,,Has asso morph
27516,Neoplasm of uncertain behavior of paraganglia,4144244,Paraganglia structure,,Has finding site
27835,Neoplasm of uncertain behavior of pituitary gland,4313421,Neoplasm of uncertain behavior,,Has asso morph
27835,Neoplasm of uncertain behavior of pituitary gland,4209428,Pituitary structure,,Has finding site
27918,Eosinophilic esophagitis,4042400,Chronic eosinophilic inflammation,,Has asso morph
27918,Eosinophilic esophagitis,4140098,Esophageal structure,,Has finding site
27918,Eosinophilic esophagitis,4236661,Chronic,,Has clinical course
27918,Eosinophilic esophagitis,43021170,Allergic process,,Has pathology
28060,Streptococcal sore throat,4053015,Inflammation,,Has asso morph
28060,Streptococcal sore throat,4207370,Pharyngeal structure,,Has finding site
28060,Streptococcal sore throat,4240344,Streptococcus,,Has causative agent
28060,Streptococcal sore throat,40480911,Infectious process,,Has pathology
28083,Primary malignant neoplasm of pharynx,4312326,"Neoplasm, malignant (primary)",,Has asso morph
28083,Primary malignant neoplasm of pharynx,37153816,Malignant neoplasm,,Has asso morph
28083,Primary malignant neoplasm of pharynx,4207370,Pharyngeal structure,,Has finding site
28083,Primary malignant neoplasm of pharynx,37157802,Primary malignant neoplastic proliferation,,Has pathology
28109,Carcinoma in situ of esophagus,37156895,Carcinoma in situ,,Has asso morph
28109,Carcinoma in situ of esophagus,4266173,Carcinoma in situ - category,,Has asso morph
28109,Carcinoma in situ of esophagus,4140098,Esophageal structure,,Has finding site
28115,Benign neoplasm of pineal gland,4305589,"Neoplasm, benign",,Has asso morph
28115,Benign neoplasm of pineal gland,4164136,Pineal structure,,Has finding site
28356,Overlapping malignant neoplasm of major salivary gland,37153816,Malignant neoplasm,,Has asso morph
28356,Overlapping malignant neoplasm of major salivary gland,4282379,Malignant Neoplasm (Morphology),,Has asso morph
28356,Overlapping malignant neoplasm of major salivary gland,4002730,Major salivary gland structure,,Has finding site
28385,Disorder of posterior pituitary,4292400,Neurohypophysis structure,,Has finding site
28403,Gigantism and acromegaly,4200975,Structure of distal part of pituitary,,Has finding site
28403,Gigantism and acromegaly,4146194,Hormone production,,Has interprets
28403,Gigantism and acromegaly,4146067,Increased,,Has interpretation
28403,Gigantism and acromegaly,4154781,Height / growth measure,,Has interprets
28403,Gigantism and acromegaly,4146067,Increased,,Has interpretation
28457,Hypertrophy of tonsils,4210465,Hypertrophy,,Has asso morph
28457,Hypertrophy of tonsils,4327174,Palatine tonsillar structure,,Has finding site
28461,Hypertrophy of salivary gland,4210465,Hypertrophy,,Has asso morph
28461,Hypertrophy of salivary gland,4294042,Salivary gland structure,,Has finding site
28462,Fistula of salivary gland,4043006,Fistula,,Has asso morph
28462,Fistula of salivary gland,4294042,Salivary gland structure,,Has finding site
28716,Benign neoplasm of aortic body,4305589,"Neoplasm, benign",,Has asso morph
28716,Benign neoplasm of aortic body,4327482,Aortic body,,Has finding site
28779,Bleeding esophageal varices,4237283,Bleeding varices,,Has asso morph
28779,Bleeding esophageal varices,4237655,Structure of esophageal vein,,Has finding site
28974,Candidiasis of the esophagus,4140098,Esophageal structure,,Has finding site
28974,Candidiasis of the esophagus,4139129,Candida,,Has causative agent
28974,Candidiasis of the esophagus,40480911,Infectious process,,Has pathology
29056,Sialoadenitis,4053015,Inflammation,,Has asso morph
29056,Sialoadenitis,4253008,Inflammatory morphology,,Has asso morph
29056,Sialoadenitis,4294042,Salivary gland structure,,Has finding site
29735,Candidiasis of mouth,4253672,Oral cavity structure,,Has finding site
29735,Candidiasis of mouth,4139129,Candida,,Has causative agent
29735,Candidiasis of mouth,40480911,Infectious process,,Has pathology
29979,Crushing injury of neck,4060415,Crushing injury (morphology),,Has asso morph
29979,Crushing injury of neck,4260843,Neck structure,,Has finding site
30061,Neoplasm of uncertain behavior of major salivary gland,4313421,Neoplasm of uncertain behavior,,Has asso morph
30061,Neoplasm of uncertain behavior of major salivary gland,4002730,Major salivary gland structure,,Has finding site
30124,Obstruction of larynx,4093906,Obstruction,,Has asso morph
30124,Obstruction of larynx,37304026,Structure of laryngeal lumen,,Has finding site
30133,Acute laryngitis,4163835,Acute inflammation,,Has asso morph
30133,Acute laryngitis,4262229,Laryngeal structure,,Has finding site
30133,Acute laryngitis,4312510,Sudden onset AND/OR short duration,,Has clinical course
30163,Cellulitis and abscess of neck,4299470,Cellulitis,,Has asso morph
30163,Cellulitis and abscess of neck,4195605,Abscess morphology,,Has asso morph
30163,Cellulitis and abscess of neck,4260843,Neck structure,,Has finding site
30234,Neck sprain,4298490,Sprain,,Has asso morph
30234,Neck sprain,4217193,Structure of ligament of neck,,Has finding site
30274,Full thickness burn of neck,4213471,Third degree burn injury,,Has asso morph
30274,Full thickness burn of neck,4189257,Skin and/or subcutaneous tissue structure of neck,,Has finding site
30284,Motion sickness,4271189,Upper gastrointestinal tract structure,,Has finding site
30284,Motion sickness,4209294,Motion,,Has causative agent
30333,Gonorrhea of pharynx,4253008,Inflammatory morphology,,Has asso morph
30333,Gonorrhea of pharynx,4263306,Pharyngeal mucous membrane structure,,Has finding site
30333,Gonorrhea of pharynx,4285582,Neisseria gonorrhoeae,,Has causative agent
30333,Gonorrhea of pharynx,40480911,Infectious process,,Has pathology
30346,Primary malignant neoplasm of neck,4312326,"Neoplasm, malignant (primary)",,Has asso morph
30346,Primary malignant neoplasm of neck,37153816,Malignant neoplasm,,Has asso morph
30346,Primary malignant neoplasm of neck,4260843,Neck structure,,Has finding site
30346,Primary malignant neoplasm of neck,37157802,Primary malignant neoplastic proliferation,,Has pathology
30356,Benign neoplasm of pharynx,4305589,"Neoplasm, benign",,Has asso morph
30356,Benign neoplasm of pharynx,4207370,Pharyngeal structure,,Has finding site
30361,Hypoglycemic disorder,4034504,Structure of endocrine system,,Has finding site
30439,Acute peptic ulcer with perforation but without obstruction,4096339,Acute ulcer,,Has asso morph
30439,Acute peptic ulcer with perforation but without obstruction,4239211,Perforated ulcer,,Has asso morph
30439,Acute peptic ulcer with perforation but without obstruction,4271189,Upper gastrointestinal tract structure,,Has finding site
30439,Acute peptic ulcer with perforation but without obstruction,4200674,Stomach and/or duodenal structures,,Has finding site
30439,Acute peptic ulcer with perforation but without obstruction,4312510,Sudden onset AND/OR short duration,,Has clinical course
30441,Sialolithiasis,4209441,Calculus,,Has asso morph
30441,Sialolithiasis,4294042,Salivary gland structure,,Has finding site
30442,Chronic peptic ulcer with perforation AND obstruction,4233476,Chronic ulcer,,Has asso morph
30442,Chronic peptic ulcer with perforation AND obstruction,4239211,Perforated ulcer,,Has asso morph
30442,Chronic peptic ulcer with perforation AND obstruction,4093906,Obstruction,,Has asso morph
30442,Chronic peptic ulcer with perforation AND obstruction,4271189,Upper gastrointestinal tract structure,,Has finding site
30442,Chronic peptic ulcer with perforation AND obstruction,4236661,Chronic,,Has clinical course
30679,Benign neoplasm of major salivary gland,4305589,"Neoplasm, benign",,Has asso morph
30679,Benign neoplasm of major salivary gland,4002730,Major salivary gland structure,,Has finding site
30753,Esophagitis,4053015,Inflammation,,Has asso morph
30753,Esophagitis,4140098,Esophageal structure,,Has finding site
30770,Chronic peptic ulcer with hemorrhage but without obstruction,4243483,Chronic bleeding ulcer,,Has asso morph
30770,Chronic peptic ulcer with hemorrhage but without obstruction,4179955,Hemorrhage,,Has asso morph
30770,Chronic peptic ulcer with hemorrhage but without obstruction,4271189,Upper gastrointestinal tract structure,,Has finding site
30770,Chronic peptic ulcer with hemorrhage but without obstruction,4236661,Chronic,,Has clinical course
31057,Disorder of pharynx,4207370,Pharyngeal structure,,Has finding site
31335,Acute peptic ulcer with hemorrhage but without obstruction,4164431,Acute bleeding ulcer,,Has asso morph
31335,Acute peptic ulcer with hemorrhage but without obstruction,4271189,Upper gastrointestinal tract structure,,Has finding site
31335,Acute peptic ulcer with hemorrhage but without obstruction,4312510,Sudden onset AND/OR short duration,,Has clinical course
31386,Congenital absence of salivary gland,4084804,Congenital absence,,Has asso morph
31386,Congenital absence of salivary gland,4294042,Salivary gland structure,,Has finding site
31386,Congenital absence of salivary gland,4116830,Congenital,,Has occurrence
31386,Congenital absence of salivary gland,4204670,Pathological developmental process,,Has pathology
31509,Primary malignant neoplasm of tonsil,4312326,"Neoplasm, malignant (primary)",,Has asso morph
31509,Primary malignant neoplasm of tonsil,37153816,Malignant neoplasm,,Has asso morph
31509,Primary malignant neoplasm of tonsil,4327174,Palatine tonsillar structure,,Has finding site
31509,Primary malignant neoplasm of tonsil,37157802,Primary malignant neoplastic proliferation,,Has pathology
31597,Acute laryngotracheitis,4163835,Acute inflammation,,Has asso morph
31597,Acute laryngotracheitis,4262229,Laryngeal structure,,Has finding site
31597,Acute laryngotracheitis,4195956,Tracheal structure,,Has finding site
31597,Acute laryngotracheitis,4312510,Sudden onset AND/OR short duration,,Has clinical course
31598,Hypertrophy of tonsils AND adenoids,4210465,Hypertrophy,,Has asso morph
31598,Hypertrophy of tonsils AND adenoids,4184153,Adenoidal structure,,Has finding site
31598,Hypertrophy of tonsils AND adenoids,4327174,Palatine tonsillar structure,,Has finding site
31602,Disorder of the larynx,4262229,Laryngeal structure,,Has finding site
31609,Abscess of salivary gland,4195605,Abscess morphology,,Has asso morph
31609,Abscess of salivary gland,4294042,Salivary gland structure,,Has finding site
31610,Disorder of esophagus,4140098,Esophageal structure,,Has finding site
31668,Acquired deformity of neck,4263843,Deformity,,Has asso morph
31668,Acquired deformity of neck,4260843,Neck structure,,Has finding site
31668,Acquired deformity of neck,35624340,Period of life between birth and death,,Has occurrence
31821,Disorder of endocrine system,4034504,Structure of endocrine system,,Has finding site
31884,Acquired diverticulum of esophagus,4053916,Single diverticulum,,Has asso morph
31884,Acquired diverticulum of esophagus,4140098,Esophageal structure,,Has finding site
31884,Acquired diverticulum of esophagus,35624340,Period of life between birth and death,,Has occurrence
72245,Chlamydial infection of lower genitourinary tract,4241088,Lower genitourinary tract structure,,Has finding site
72245,Chlamydial infection of lower genitourinary tract,4037323,Chlamydia,,Has causative agent
72245,Chlamydial infection of lower genitourinary tract,40480911,Infectious process,,Has pathology
72332,Serous labyrinthitis,4085360,Serous inflammation,,Has asso morph
72332,Serous labyrinthitis,4121004,Labyrinth structure,,Has finding site
72390,Obstetric non-purulent mastitis,4027360,Nonsuppurative inflammation,,Has asso morph
72390,Obstetric non-purulent mastitis,4298444,Breast structure,,Has finding site
72390,Obstetric non-purulent mastitis,37160319,Maternal perinatal period,,Has occurrence
72398,Arthropathy in Behcet's syndrome,4053015,Inflammation,,Has asso morph
72398,Arthropathy in Behcet's syndrome,4253008,Inflammatory morphology,,Has asso morph
72398,Arthropathy in Behcet's syndrome,4214466,Joint structure,,Has finding site
72398,Arthropathy in Behcet's syndrome,436642,Behcet's syndrome,,Finding asso with
72403,Hemarthrosis of the ankle and/or foot,4179955,Hemorrhage,,Has asso morph
72403,Hemarthrosis of the ankle and/or foot,4194884,Joint structure of ankle and/or foot,,Has finding site
72404,Joint stiffness,37219112,Structure of joint region,,Has finding site
72404,Joint stiffness,4264818,Range of joint movement,,Has interprets
72404,Joint stiffness,4083207,Below reference range,,Has interpretation
72405,Degenerative joint disease of shoulder region,4030637,Degenerative abnormality,,Has asso morph
72405,Degenerative joint disease of shoulder region,4140663,Degeneration,,Has asso morph
72405,Degenerative joint disease of shoulder region,4151929,Joint structure of shoulder region,,Has finding site
72407,Effusion of joint of shoulder region,4215818,Effusion,,Has asso morph
72407,Effusion of joint of shoulder region,4151929,Joint structure of shoulder region,,Has finding site
72410,Infection of bone,4154333,Bone structure,,Has finding site
72410,Infection of bone,40480911,Infectious process,,Has pathology
72413,Nontraumatic rupture of muscle,4053606,Nontraumatic rupture,,Has asso morph
72413,Nontraumatic rupture of muscle,4053605,Rupture,,Has asso morph
72413,Nontraumatic rupture of muscle,4325458,Muscle structure,,Has finding site
72418,Scoliosis deformity of spine,4136505,Lateral abnormal curvature,,Has asso morph
72418,Scoliosis deformity of spine,4128342,Musculoskeletal structure of spine,,Has finding site
72418,Scoliosis deformity of spine,4227378,Structure of vertebral column,,Has finding site
72434,Congenital hydrocele,4298084,Hydrocele,,Has asso morph
72434,Congenital hydrocele,4134453,Tunica vaginalis structure,,Has finding site
72434,Congenital hydrocele,4116830,Congenital,,Has occurrence
72459,Closed fracture of two ribs,36675156,Closed fracture of multiple bones,,Has asso morph
72459,Closed fracture of two ribs,4011851,Bone structure of rib,,Has finding site
72460,Open fracture of seven ribs,36675157,Compound fracture of multiple bones,,Has asso morph
72460,Open fracture of seven ribs,4011851,Bone structure of rib,,Has finding site
72468,Open dislocation of jaw,4194530,Open dislocation,,Has asso morph
72468,Open dislocation of jaw,4202366,Temporomandibular joint structure,,Has finding site
72469,Closed traumatic dislocation of joint of shoulder region,4175294,Closed dislocation,,Has asso morph
72469,Closed traumatic dislocation of joint of shoulder region,4044882,Closed traumatic dislocation,,Has asso morph
72469,Closed traumatic dislocation of joint of shoulder region,4151929,Joint structure of shoulder region,,Has finding site
72486,Blister of elbow without infection,4144955,Blister,,Has asso morph
72486,Blister of elbow without infection,4254263,Skin structure of elbow,,Has finding site
72487,Crushing injury of foot,4060415,Crushing injury (morphology),,Has asso morph
72487,Crushing injury of foot,4211098,Foot structure,,Has finding site
72516,Burn of knee,4168004,Burn injury,,Has asso morph
72516,Burn of knee,4217806,Knee region structure,,Has finding site
72521,Immersion foot,4242243,Cold injury,,Has asso morph
72521,Immersion foot,4263673,Skin structure of foot,,Has finding site
72521,Immersion foot,4110148,Low temperature,,Has causative agent
72562,Gonococcal spondylitis,4053015,Inflammation,,Has asso morph
72562,Gonococcal spondylitis,4253008,Inflammatory morphology,,Has asso morph
72562,Gonococcal spondylitis,4222390,Bone structure of vertebra,,Has finding site
72562,Gonococcal spondylitis,4285582,Neisseria gonorrhoeae,,Has causative agent
72562,Gonococcal spondylitis,40480911,Infectious process,,Has pathology
72566,"Primary malignant neoplasm of pelvic bones, sacrum and coccyx",4312326,"Neoplasm, malignant (primary)",,Has asso morph
72566,"Primary malignant neoplasm of pelvic bones, sacrum and coccyx",37153816,Malignant neoplasm,,Has asso morph
72566,"Primary malignant neoplasm of pelvic bones, sacrum and coccyx",4041251,Bone structure of pelvis,,Has finding site
72566,"Primary malignant neoplasm of pelvic bones, sacrum and coccyx",37157802,Primary malignant neoplastic proliferation,,Has pathology
72576,Benign neoplasm of breast,4305589,"Neoplasm, benign",,Has asso morph
72576,Benign neoplasm of breast,4298444,Breast structure,,Has finding site
72578,Neoplasm of uncertain behavior of breast,4313421,Neoplasm of uncertain behavior,,Has asso morph
72578,Neoplasm of uncertain behavior of breast,4298444,Breast structure,,Has finding site
72618,Disorder of skeletal muscle,4133963,Skeletal muscle structure,,Has finding site
72708,Traumatic arthropathy of the shoulder region,4151929,Joint structure of shoulder region,,Has finding site
72711,Shoulder stiff,4151929,Joint structure of shoulder region,,Has finding site
72711,Shoulder stiff,4185647,Shoulder joint - range of movement,,Has interprets
72711,Shoulder stiff,4083207,Below reference range,,Has interpretation
72715,Exostosis,4215424,External hyperostosis,,Has asso morph
72715,Exostosis,4154333,Bone structure,,Has finding site
72717,Postoperative heterotopic calcification,4112703,Pathologic calcification,,Has asso morph
72737,Microcalcifications of the breast,4132707,Microcalcification,,Has asso morph
72737,Microcalcifications of the breast,4298444,Breast structure,,Has finding site
72745,Open dislocation of elbow,4194530,Open dislocation,,Has asso morph
72745,Open dislocation of elbow,4061414,Elbow joint structure,,Has finding site
72757,Open wound of shoulder region with complication,4243486,Open wound,,Has asso morph
72757,Open wound of shoulder region with complication,4061541,Shoulder region structure,,Has finding site
72817,Tuberculosis of urinary organs,4269928,Granulomatous inflammation,,Has asso morph
72817,Tuberculosis of urinary organs,4154321,Urinary organ,,Has finding site
72817,Tuberculosis of urinary organs,4035081,Mycobacterium tuberculosis complex,,Has causative agent
72817,Tuberculosis of urinary organs,40480911,Infectious process,,Has pathology
72857,Late effect of rickets,4214470,Osteoid tissue,,Has finding site
72857,Late effect of rickets,46272765,Structure of epiphyseal plate,,Has finding site
72857,Late effect of rickets,4027719,Physiologic mineralization of bone,,Has interprets
72857,Late effect of rickets,4126680,Deficient,,Has interpretation
72926,Labyrinthine fistula,4053885,Internal fistula,,Has asso morph
72926,Labyrinthine fistula,4121004,Labyrinth structure,,Has finding site
72984,Reactive arthritis of joint of shoulder region due to and following dysentery,4053015,Inflammation,,Has asso morph
72984,Reactive arthritis of joint of shoulder region due to and following dysentery,4253008,Inflammatory morphology,,Has asso morph
72984,Reactive arthritis of joint of shoulder region due to and following dysentery,4151929,Joint structure of shoulder region,,Has finding site
72984,Reactive arthritis of joint of shoulder region due to and following dysentery,4105096,Joint structure of shoulder girdle,,Has finding site
72986,Disorder of lower leg,4107527,Lower leg structure,,Has finding site
72988,Pyogenic arthritis of hand,4164958,Suppurative inflammation,,Has asso morph
72988,Pyogenic arthritis of hand,4222144,Structure of joint of hand,,Has finding site
72988,Pyogenic arthritis of hand,4014179,Pyogenic bacterium,,Has causative agent
72988,Pyogenic arthritis of hand,40480911,Infectious process,,Has pathology
72989,"Arthropathy associated with mycoses, of the ankle and/or foot",4194884,Joint structure of ankle and/or foot,,Has finding site
72989,"Arthropathy associated with mycoses, of the ankle and/or foot",433701,Mycosis,,Finding asso with
72991,Traumatic arthropathy of multiple sites,36695780,Joint structure of multiple body sites,,Has finding site
72992,Allergic arthritis,4053015,Inflammation,,Has asso morph
72992,Allergic arthritis,4253008,Inflammatory morphology,,Has asso morph
72992,Allergic arthritis,4214466,Joint structure,,Has finding site
72992,Allergic arthritis,35626103,Non-immunoglobulin E-mediated allergic process,,Has pathology
72992,Allergic arthritis,40589905,Allergic reaction,,Has due to
72995,Contracture of joint of hand,4237281,Contracture,,Has asso morph
72995,Contracture of joint of hand,4222144,Structure of joint of hand,,Has finding site
72995,Contracture of joint of hand,37206793,Hand joint range of movement,,Has interprets
72995,Contracture of joint of hand,4053347,Decreased,,Has interpretation
72997,Articular cartilage disorder of upper arm,4193455,Articular cartilage of upper limb,,Has finding site
73001,Myositis,4053015,Inflammation,,Has asso morph
73001,Myositis,4133963,Skeletal muscle structure,,Has finding site
73008,Enthesopathy,4257828,Structure of enthesis,,Has finding site
73017,Congenital anomaly of toe,4175951,Morphologically abnormal structure,,Has asso morph
73017,Congenital anomaly of toe,4106395,Toe structure,,Has finding site
73017,Congenital anomaly of toe,4116830,Congenital,,Has occurrence
73017,Congenital anomaly of toe,4204670,Pathological developmental process,,Has pathology
73019,Breast engorgement in newborn,4298444,Breast structure,,Has finding site
73019,Breast engorgement in newborn,4114528,Neonatal,,Has occurrence
73021,Bilateral congenital dislocation of hip,4227147,Dislocation,,Has asso morph
73021,Bilateral congenital dislocation of hip,4177897,Right hip joint structure,,Has finding site
73021,Bilateral congenital dislocation of hip,4176631,Left hip joint structure,,Has finding site
73021,Bilateral congenital dislocation of hip,4116830,Congenital,,Has occurrence
73021,Bilateral congenital dislocation of hip,4204670,Pathological developmental process,,Has pathology
73036,Closed fracture of olecranon process of ulna,4049776,"Fracture, closed",,Has asso morph
73036,Closed fracture of olecranon process of ulna,4161175,Structure of olecranon,,Has finding site
73041,Closed fracture of five ribs,36675156,Closed fracture of multiple bones,,Has asso morph
73041,Closed fracture of five ribs,4011851,Bone structure of rib,,Has finding site
73042,Open fracture finger middle phalanx,4178756,"Fracture, open",,Has asso morph
73042,Open fracture finger middle phalanx,4144509,Bone structure of middle phalanx of finger,,Has finding site
73043,Open dislocation of glenohumeral joint,4194530,Open dislocation,,Has asso morph
73043,Open dislocation of glenohumeral joint,4310972,Glenohumeral joint structure,,Has finding site
73045,Sprain of hand,4298490,Sprain,,Has asso morph
73045,Sprain of hand,4048233,Structure of ligament of hand,,Has finding site
73065,Contusion of genital organ,4203279,Contusion - lesion,,Has asso morph
73065,Contusion of genital organ,44784125,Structure of genital organ,,Has finding site
73072,Crushing injury of upper arm,4060415,Crushing injury (morphology),,Has asso morph
73072,Crushing injury of upper arm,4165266,Upper arm structure,,Has finding site
73075,Contusion of upper limb,4203279,Contusion - lesion,,Has asso morph
73075,Contusion of upper limb,4200396,Upper limb structure,,Has finding site
73085,Injury of superficial femoral artery,4078068,Traumatic abnormality,,Has asso morph
73085,Injury of superficial femoral artery,4111596,Superficial femoral artery,,Has finding site
73089,Contusion of buttock,4203279,Contusion - lesion,,Has asso morph
73089,Contusion of buttock,4263335,Buttock structure,,Has finding site
73090,Contusion of foot,4203279,Contusion - lesion,,Has asso morph
73090,Contusion of foot,4211098,Foot structure,,Has finding site
73091,Deep third degree burn of breast,4223957,Deep third degree burn injury,,Has asso morph
73091,Deep third degree burn of breast,4220068,Skin structure of breast,,Has finding site
73122,Tuberculosis of knee,4269928,Granulomatous inflammation,,Has asso morph
73122,Tuberculosis of knee,4169744,Knee joint structure,,Has finding site
73122,Tuberculosis of knee,4035081,Mycobacterium tuberculosis complex,,Has causative agent
73122,Tuberculosis of knee,40480911,Infectious process,,Has pathology
73153,Malignant neoplasm of lateral wall of urinary bladder,37153816,Malignant neoplasm,,Has asso morph
73153,Malignant neoplasm of lateral wall of urinary bladder,4282379,Malignant Neoplasm (Morphology),,Has asso morph
73153,Malignant neoplasm of lateral wall of urinary bladder,4078693,Structure of lateral wall of urinary bladder,,Has finding site
73231,Arthralgia of temporomandibular joint,4202366,Temporomandibular joint structure,,Has finding site
73241,Anal and rectal polyp,4187628,Polyp,,Has asso morph
73241,Anal and rectal polyp,4202233,Anal structure,,Has finding site
73241,Anal and rectal polyp,4144541,Rectum structure,,Has finding site
73287,Crystal arthropathy of ankle AND/OR foot,4014361,Deposition of crystalline material,,Has asso morph
73287,Crystal arthropathy of ankle AND/OR foot,4194884,Joint structure of ankle and/or foot,,Has finding site
73289,Pathological dislocation of multiple joints,4145300,"Dislocation, multiple",,Has asso morph
73289,Pathological dislocation of multiple joints,4214466,Joint structure,,Has finding site
73289,Pathological dislocation of multiple joints,37312107,Spontaneous event,,Has due to
73290,Contracture of joint,4237281,Contracture,,Has asso morph
73290,Contracture of joint,37219112,Structure of joint region,,Has finding site
73290,Contracture of joint,4264818,Range of joint movement,,Has interprets
73290,Contracture of joint,4053347,Decreased,,Has interpretation
73291,Palindromic rheumatism of ankle and/or foot,4253008,Inflammatory morphology,,Has asso morph
73291,Palindromic rheumatism of ankle and/or foot,4194884,Joint structure of ankle and/or foot,,Has finding site
73291,Palindromic rheumatism of ankle and/or foot,4113136,Recurrent,,Has clinical course
73300,Radial styloid tenosynovitis,4053015,Inflammation,,Has asso morph
73300,Radial styloid tenosynovitis,4253008,Inflammatory morphology,,Has asso morph
73300,Radial styloid tenosynovitis,4093218,Extensor pollicis brevis tendon sheath,,Has finding site
73300,Radial styloid tenosynovitis,4137723,Abductor pollicis longus tendon sheath,,Has finding site
73302,Curvature of spine,4186604,Abnormal curvature,,Has asso morph
73302,Curvature of spine,4128342,Musculoskeletal structure of spine,,Has finding site
73307,Transverse deficiency of lower limb,604359,Transverse deficiency,,Has asso morph
73307,Transverse deficiency of lower limb,4112039,Entire lower limb,,Has finding site
73307,Transverse deficiency of lower limb,4116830,Congenital,,Has occurrence
73307,Transverse deficiency of lower limb,4204670,Pathological developmental process,,Has pathology
73313,Longitudinal deficiency of tarsal bone,4008722,Abnormally short growth,,Has asso morph
73313,Longitudinal deficiency of tarsal bone,4029838,Bone structure of tarsus,,Has finding site
73313,Longitudinal deficiency of tarsal bone,4116830,Congenital,,Has occurrence
73313,Longitudinal deficiency of tarsal bone,4204670,Pathological developmental process,,Has pathology
73318,Polydactyly of fingers,4238909,Supernumerary structure,,Has asso morph
73318,Polydactyly of fingers,4192373,Finger structure,,Has finding site
73318,Polydactyly of fingers,4116830,Congenital,,Has occurrence
73318,Polydactyly of fingers,4204670,Pathological developmental process,,Has pathology
73334,Closed posterior dislocation of elbow,4176744,Posterior closed dislocation,,Has asso morph
73334,Closed posterior dislocation of elbow,4061414,Elbow joint structure,,Has finding site
73335,Closed posterior dislocation of proximal end of tibia,4170745,Posterior displacement,,Has asso morph
73335,Closed posterior dislocation of proximal end of tibia,4176744,Posterior closed dislocation,,Has asso morph
73335,Closed posterior dislocation of proximal end of tibia,4169744,Knee joint structure,,Has finding site
73335,Closed posterior dislocation of proximal end of tibia,4069282,Bone structure of proximal tibia,,Has finding site
73336,Closed traumatic dislocation ankle joint,4044882,Closed traumatic dislocation,,Has asso morph
73336,Closed traumatic dislocation ankle joint,4289928,Ankle joint structure,,Has finding site
73338,Sprain of lateral collateral ligament of knee,4298490,Sprain,,Has asso morph
73338,Sprain of lateral collateral ligament of knee,4219423,Structure of lateral collateral ligament of knee joint,,Has finding site
73341,Closed fracture of head of radius,4049776,"Fracture, closed",,Has asso morph
73341,Closed fracture of head of radius,4178906,Structure of head of radius,,Has finding site
73343,Closed posterior dislocation of hip,4176744,Posterior closed dislocation,,Has asso morph
73343,Closed posterior dislocation of hip,4082516,Hip joint structure,,Has finding site
73349,Injury of rectum without open wound into abdominal cavity,42872703,Closed traumatic abnormality,,Has asso morph
73349,Injury of rectum without open wound into abdominal cavity,4144541,Rectum structure,,Has finding site
73361,Abrasion and/or friction burn of elbow with infection,4290983,Abrasion and/or friction burn,,Has asso morph
73361,Abrasion and/or friction burn of elbow with infection,4254263,Skin structure of elbow,,Has finding site
73361,Abrasion and/or friction burn of elbow with infection,40480911,Infectious process,,Has pathology
73362,Crushing injury of multiple sites of upper limb,4060415,Crushing injury (morphology),,Has asso morph
73362,Crushing injury of multiple sites of upper limb,4200396,Upper limb structure,,Has finding site
73365,Epidermal burn of elbow,4298699,First degree burn injury,,Has asso morph
73365,Epidermal burn of elbow,4254263,Skin structure of elbow,,Has finding site
73366,Crushing injury of lower leg,4060415,Crushing injury (morphology),,Has asso morph
73366,Crushing injury of lower leg,4107527,Lower leg structure,,Has finding site
73372,Burn of breast,4168004,Burn injury,,Has asso morph
73372,Burn of breast,4298444,Breast structure,,Has finding site
73373,Epidermal burn of upper limb,4298699,First degree burn injury,,Has asso morph
73373,Epidermal burn of upper limb,4159864,Skin structure of upper limb,,Has finding site
73378,Frostbite of foot,4242243,Cold injury,,Has asso morph
73378,Frostbite of foot,4211098,Foot structure,,Has finding site
73378,Frostbite of foot,4113804,Freezing temperature,,Has causative agent
73383,Full thickness burn of foot,4213471,Third degree burn injury,,Has asso morph
73383,Full thickness burn of foot,4219316,Skin and/or subcutaneous tissue structure of foot,,Has finding site
73409,Primary anal syphilis,4223994,Chancre,,Has asso morph
73409,Primary anal syphilis,4186780,Structure of mucous membrane of anal canal,,Has finding site
73409,Primary anal syphilis,4248851,Treponema pallidum,,Has causative agent
73409,Primary anal syphilis,40480911,Infectious process,,Has pathology
73550,Crystal arthropathy of elbow,4014361,Deposition of crystalline material,,Has asso morph
73550,Crystal arthropathy of elbow,4061414,Elbow joint structure,,Has finding site
73553,Arthropathy,4214466,Joint structure,,Has finding site
73555,Transient arthropathy of the pelvic region and thigh,4090445,Joint structure of pelvis or upper leg,,Has finding site
73555,Transient arthropathy of the pelvic region and thigh,4033243,Transitory,,Has clinical course
73557,Allergic arthritis of the pelvic region and thigh,4053015,Inflammation,,Has asso morph
73557,Allergic arthritis of the pelvic region and thigh,4132416,Joint structure of pelvic girdle,,Has finding site
73557,Allergic arthritis of the pelvic region and thigh,4090445,Joint structure of pelvis or upper leg,,Has finding site
73557,Allergic arthritis of the pelvic region and thigh,43021170,Allergic process,,Has pathology
73560,Calcaneal spur,4230331,Osteophyte,,Has asso morph
73560,Calcaneal spur,4196052,Bone structure of calcaneum,,Has finding site
73561,Loose body in joint of shoulder region,4069416,Loose body,,Has asso morph
73561,Loose body in joint of shoulder region,4151929,Joint structure of shoulder region,,Has finding site
73564,Full thickness rotator cuff tear,4139813,Complete rupture,,Has asso morph
73564,Full thickness rotator cuff tear,4193907,Structure of rotator cuff including muscles and tendons,,Has finding site
73568,Palindromic rheumatism of shoulder region,4253008,Inflammatory morphology,,Has asso morph
73568,Palindromic rheumatism of shoulder region,4151929,Joint structure of shoulder region,,Has finding site
73568,Palindromic rheumatism of shoulder region,4113136,Recurrent,,Has clinical course
73574,Nonunion of fracture,4140519,"Fracture, ununited",,Has asso morph
73574,Nonunion of fracture,4154333,Bone structure,,Has finding site
73575,Deformity of toe,4263843,Deformity,,Has asso morph
73575,Deformity of toe,4106395,Toe structure,,Has finding site
73580,Reduction deformity of lower limb,4260677,Abnormal shortening,,Has asso morph
73580,Reduction deformity of lower limb,4267861,Lower limb structure,,Has finding site
73580,Reduction deformity of lower limb,4116830,Congenital,,Has occurrence
73580,Reduction deformity of lower limb,4204670,Pathological developmental process,,Has pathology
73609,Open fracture of clavicle,4178756,"Fracture, open",,Has asso morph
73609,Open fracture of clavicle,4197120,Bone structure of clavicle,,Has finding site
73614,Closed fracture of seven ribs,36675156,Closed fracture of multiple bones,,Has asso morph
73614,Closed fracture of seven ribs,4011851,Bone structure of rib,,Has finding site
73616,Open fracture of lunate bone of wrist,4178756,"Fracture, open",,Has asso morph
73616,Open fracture of lunate bone of wrist,4178722,Structure of lunate bone,,Has finding site
73649,Contusion of finger,4203279,Contusion - lesion,,Has asso morph
73649,Contusion of finger,4192373,Finger structure,,Has finding site
73673,Disorder of prosthetic joint,4214466,Joint structure,,Has finding site
73673,Disorder of prosthetic joint,4035455,Joint prosthesis,,Finding asso with
73686,Tuberculosis of genitourinary system,4269928,Granulomatous inflammation,,Has asso morph
73686,Tuberculosis of genitourinary system,4069509,Structure of genitourinary system,,Has finding site
73686,Tuberculosis of genitourinary system,4035081,Mycobacterium tuberculosis complex,,Has causative agent
73686,Tuberculosis of genitourinary system,40480911,Infectious process,,Has pathology
73712,Malignant neoplasm of dome of urinary bladder,37153816,Malignant neoplasm,,Has asso morph
73712,Malignant neoplasm of dome of urinary bladder,4282379,Malignant Neoplasm (Morphology),,Has asso morph
73712,Malignant neoplasm of dome of urinary bladder,4282252,Structure of dome of urinary bladder,,Has finding site
73723,Benign neoplasm of epididymis,4305589,"Neoplasm, benign",,Has asso morph
73723,Benign neoplasm of epididymis,4227148,Epididymis structure,,Has finding site
73819,Pain of breast,4298444,Breast structure,,Has finding site
73838,Pyogenic arthritis of multiple sites,4164958,Suppurative inflammation,,Has asso morph
73838,Pyogenic arthritis of multiple sites,36695780,Joint structure of multiple body sites,,Has finding site
73838,Pyogenic arthritis of multiple sites,4014179,Pyogenic bacterium,,Has causative agent
73838,Pyogenic arthritis of multiple sites,40480911,Infectious process,,Has pathology
73842,Enthesopathy of elbow region,37111287,Structure of enthesis of elbow region,,Has finding site
73845,Joint ankylosis of the shoulder region,4271126,Ankylosis,,Has asso morph
73845,Joint ankylosis of the shoulder region,4151929,Joint structure of shoulder region,,Has finding site
73847,Finding of elbow joint,4061414,Elbow joint structure,,Has finding site
73849,Acquired lordosis deformity of spine,4246304,Anteroposterior abnormal curvature,,Has asso morph
73849,Acquired lordosis deformity of spine,4128342,Musculoskeletal structure of spine,,Has finding site
73849,Acquired lordosis deformity of spine,35624340,Period of life between birth and death,,Has occurrence
73851,Effusion of joint of multiple sites,4215818,Effusion,,Has asso morph
73851,Effusion of joint of multiple sites,36695780,Joint structure of multiple body sites,,Has finding site
73854,Progressive myositis ossificans,4243907,Osseous metaplasia,,Has asso morph
73854,Progressive myositis ossificans,4133963,Skeletal muscle structure,,Has finding site
73854,Progressive myositis ossificans,4114504,Progressive,,Has clinical course
73854,Progressive myositis ossificans,4116830,Congenital,,Has occurrence
73854,Progressive myositis ossificans,4204670,Pathological developmental process,,Has pathology
73855,Arrest of bone development AND/OR growth,4308872,Growth arrest,,Has asso morph
73855,Arrest of bone development AND/OR growth,4154333,Bone structure,,Has finding site
73855,Arrest of bone development AND/OR growth,4204670,Pathological developmental process,,Has pathology
73866,Congenital anomaly of breast,4175951,Morphologically abnormal structure,,Has asso morph
73866,Congenital anomaly of breast,4298444,Breast structure,,Has finding site
73866,Congenital anomaly of breast,4116830,Congenital,,Has occurrence
73866,Congenital anomaly of breast,4204670,Pathological developmental process,,Has pathology
73872,Congenital deformity of knee joint,4300039,Congenital deformity,,Has asso morph
73872,Congenital deformity of knee joint,4169744,Knee joint structure,,Has finding site
73872,Congenital deformity of knee joint,4116830,Congenital,,Has occurrence
73872,Congenital deformity of knee joint,4204670,Pathological developmental process,,Has pathology
73884,Closed fracture of three ribs,36675156,Closed fracture of multiple bones,,Has asso morph
73884,Closed fracture of three ribs,4011851,Bone structure of rib,,Has finding site
73888,Open fracture of navicular bone of foot,4178756,"Fracture, open",,Has asso morph
73888,Open fracture of navicular bone of foot,4328070,Bone structure of navicular,,Has finding site
73889,Sprain of distal tibiofibular ligament,4298490,Sprain,,Has asso morph
73889,Sprain of distal tibiofibular ligament,4314540,Structure of ligament of distal tibiofibular joint,,Has finding site
73913,Burn of shoulder,4168004,Burn injury,,Has asso morph
73913,Burn of shoulder,4061541,Shoulder region structure,,Has finding site
73923,Contusion of upper arm,4203279,Contusion - lesion,,Has asso morph
73923,Contusion of upper arm,4165266,Upper arm structure,,Has finding site
73925,Burn of upper limb,4168004,Burn injury,,Has asso morph
73925,Burn of upper limb,4200396,Upper limb structure,,Has finding site
74052,Labyrinthitis,4053015,Inflammation,,Has asso morph
74052,Labyrinthitis,4253008,Inflammatory morphology,,Has asso morph
74052,Labyrinthitis,4121004,Labyrinth structure,,Has finding site
74064,Ankylosis of temporomandibular joint,4271126,Ankylosis,,Has asso morph
74064,Ankylosis of temporomandibular joint,4202366,Temporomandibular joint structure,,Has finding site
74080,Orthostatic proteinuria,4047487,Urinary system structure,,Has finding site
74080,Orthostatic proteinuria,4211845,Urine protein measurement,,Has interprets
74080,Orthostatic proteinuria,4084765,Above reference range,,Has interpretation
74124,Traumatic arthropathy,4214466,Joint structure,,Has finding site
74125,Inflammatory polyarthropathy,4053015,Inflammation,,Has asso morph
74125,Inflammatory polyarthropathy,4253008,Inflammatory morphology,,Has asso morph
74125,Inflammatory polyarthropathy,36695780,Joint structure of multiple body sites,,Has finding site
74127,Contracture of elbow joint,4237281,Contracture,,Has asso morph
74127,Contracture of elbow joint,4027910,Elbow region structure,,Has finding site
74127,Contracture of elbow joint,4185672,Elbow joint - range of movement,,Has interprets
74127,Contracture of elbow joint,4053347,Decreased,,Has interpretation
74739,Osteopathy from poliomyelitis,4154333,Bone structure,,Has finding site
75070,Lordosis deformity of spine following surgical procedure,4246304,Anteroposterior abnormal curvature,,Has asso morph
75070,Lordosis deformity of spine following surgical procedure,4128342,Musculoskeletal structure of spine,,Has finding site
193782,End-stage renal disease,4271678,Kidney structure,,Has finding site
193782,End-stage renal disease,4236661,Chronic,,Has clinical course
193782,End-stage renal disease,40282772,Renal function,,Has interprets
193782,End-stage renal disease,4125554,Impaired,,Has interpretation
609115,Proliferative retinopathy of left eye due to diabetes mellitus type 1,4045406,Neovascularization,,Has asso morph
609115,Proliferative retinopathy of left eye due to diabetes mellitus type 1,4242269,Structure of retina of left eye,,Has finding site
761734,Ulcer of right ankle due to postphlebitic syndrome,4206914,Ulcer,,Has asso morph
761734,Ulcer of right ankle due to postphlebitic syndrome,4283074,Structure of right ankle,,Has finding site
762432,Family history of hepatoma,4253628,Known present,,Has finding context
762432,Family history of hepatoma,40485062,Person in family of subject,,Has relat context
762432,Family history of hepatoma,4132506,Current or past,,Has temporal context
4215689,Heart failure confirmed,4259631,Confirmed present,,Has finding context
4215689,Heart failure confirmed,4259630,Subject of record,,Has relat context
4215689,Heart failure confirmed,4259510,Current or specified,,Has temporal context
37164934,Intraoperative subcutaneous emphysema,4169883,Emphysema,,Has asso morph
37164934,Intraoperative subcutaneous emphysema,4217988,Subcutaneous tissue structure,,Has finding site
37164934,Intraoperative subcutaneous emphysema,4301351,Surgical procedure,,During
37167589,Obstructed labor due to interlocked twins,4093906,Obstruction,,Has asso morph
37167589,Obstructed labor due to interlocked twins,4221840,Structure of obstetrical canal,,Has finding site
37167589,Obstructed labor due to interlocked twins,4044034,Pelvic region,,Has finding site
37167589,Obstructed labor due to interlocked twins,37160330,Maternal intrapartum period,,Has occurrence
37167589,Obstructed labor due to interlocked twins,4128030,Delivery procedure,,During
37207424,Severe muscle atrophy,4028206,Atrophy,,Has asso morph
37207424,Severe muscle atrophy,4133963,Skeletal muscle structure,,Has finding site
37207424,Severe muscle atrophy,4087703,Severe,,Has severity
37207425,Mild generalized edema,4196943,Edema,,Has asso morph
37207425,Mild generalized edema,4116992,Mild,,Has severity
46270436,Chronic tophaceous gout of elbow caused by drug,4307013,Tophus,,Has asso morph
46270436,Chronic tophaceous gout of elbow caused by drug,4053015,Inflammation,,Has asso morph
46270436,Chronic tophaceous gout of elbow caused by drug,4253008,Inflammatory morphology,,Has asso morph
46270436,Chronic tophaceous gout of elbow caused by drug,4061414,Elbow joint structure,,Has finding site
46270436,Chronic tophaceous gout of elbow caused by drug,4254051,Drug or medicament,,Has causative agent
46270436,Chronic tophaceous gout of elbow caused by drug,4236661,Chronic,,Has clinical course
46270436,Chronic tophaceous gout of elbow caused by drug,4156643,Blood urate measurement,,Has interprets
46270436,Chronic tophaceous gout of elbow caused by drug,4084765,Above reference range,,Has interpretation
